mal_id,title_hint,type,status,airing,score,scored_by,members,popularity,season,year,endpoint,page,accepted_by_project_rules,acceptance_reason,source
59193,Mushoku Tensei III  Isekai Ittara Honki Dasu,,,,,,0,999999999,summer,2026,https://myanimelist.net/anime/season,,True,mal_season_html_id_discovery,mal_html
49233,Youjo Senki II,,,,,,0,999999999,summer,2026,https://myanimelist.net/anime/season,,True,mal_season_html_id_discovery,mal_html
62076,Super no Ura de Yani Suu Futari,,,,,,0,999999999,summer,2026,https://myanimelist.net/anime/season,,True,mal_season_html_id_discovery,mal_html
60636,Bleach  Sennen Kessen-hen - Kashin-tan,,,,,,0,999999999,summer,2026,https://myanimelist.net/anime/season,,True,mal_season_html_id_discovery,mal_html
54000,Otome Game Sekai wa Mob ni Kibishii Sekai desu 2,,,,,,0,999999999,summer,2026,https://myanimelist.net/anime/season,,True,mal_season_html_id_discovery,mal_html
62542,Grand Blue Season 3,,,,,,0,999999999,summer,2026,https://myanimelist.net/anime/season,,True,mal_season_html_id_discovery,mal_html
63832,Seihantai na Kimi to Boku 2nd Season,,,,,,0,999999999,summer,2026,https://myanimelist.net/anime/season,,True,mal_season_html_id_discovery,mal_html
60522,Gaikotsu Kishi-sama Tadaima Isekai e Odekakechuu II,,,,,,0,999999999,summer,2026,https://myanimelist.net/anime/season,,True,mal_season_html_id_discovery,mal_html
63403,Yani Neko,,,,,,0,999999999,summer,2026,https://myanimelist.net/anime/season,,True,mal_season_html_id_discovery,mal_html
61126,Kimi ga Shinu made Koi wo Shitai,,,,,,0,999999999,summer,2026,https://myanimelist.net/anime/season,,True,mal_season_html_id_discovery,mal_html
62513,Clevatess II  Majuu no Ou to Itsuwari no Yuusha Denshou,,,,,,0,999999999,summer,2026,https://myanimelist.net/anime/season,,True,mal_season_html_id_discovery,mal_html
58929,Koukaku Kidoutai TV,,,,,,0,999999999,summer,2026,https://myanimelist.net/anime/season,,True,mal_season_html_id_discovery,mal_html
61169,Black Torch,,,,,,0,999999999,summer,2026,https://myanimelist.net/anime/season,,True,mal_season_html_id_discovery,mal_html
62811,Kimi no Koto ga Daidaidaidaidaisuki na 100-nin no Kanojo 3rd Season,,,,,,0,999999999,summer,2026,https://myanimelist.net/anime/season,,True,mal_season_html_id_discovery,mal_html
61897,Katainaka no Ossan Kensei ni Naru II,,,,,,0,999999999,summer,2026,https://myanimelist.net/anime/season,,True,mal_season_html_id_discovery,mal_html
59741,Tsuihou sareta Tensei Juukishi wa Game Chishiki de Musou suru,,,,,,0,999999999,summer,2026,https://myanimelist.net/anime/season,,True,mal_season_html_id_discovery,mal_html
62856,Nijusseiki Denki Mokuroku  Eureka Evrika,,,,,,0,999999999,summer,2026,https://myanimelist.net/anime/season,,True,mal_season_html_id_discovery,mal_html
61483,Tenmaku no Jaadugar,,,,,,0,999999999,summer,2026,https://myanimelist.net/anime/season,,True,mal_season_html_id_discovery,mal_html
62936,Toumei na Yoru ni Kakeru Kimi to Me ni Mienai Koi wo Shita,,,,,,0,999999999,summer,2026,https://myanimelist.net/anime/season,,True,mal_season_html_id_discovery,mal_html
60059,Nige Jouzu no Wakagimi 2nd Season,,,,,,0,999999999,summer,2026,https://myanimelist.net/anime/season,,True,mal_season_html_id_discovery,mal_html
63150,Otome Kaijuu Caraméliser,,,,,,0,999999999,summer,2026,https://myanimelist.net/anime/season,,True,mal_season_html_id_discovery,mal_html
63508,Rakudai Kenja no Gakuin Musou  Nidome no Tensei S-Rank Cheat Majutsushi Boukenroku,,,,,,0,999999999,summer,2026,https://myanimelist.net/anime/season,,True,mal_season_html_id_discovery,mal_html
63817,Hell Mode  Yarikomizuki no Gamer wa Hai Settei no Isekai de Musou suru 2nd Season,,,,,,0,999999999,summer,2026,https://myanimelist.net/anime/season,,True,mal_season_html_id_discovery,mal_html
56735,Tenkou-saki no Seiso Karen na Bishoujo ga Mukashi Danshi to Omotte Issho ni Asonda Osananajimi Datta Ken,,,,,,0,999999999,summer,2026,https://myanimelist.net/anime/season,,True,mal_season_html_id_discovery,mal_html
62322,Lv999 no Murabito,,,,,,0,999999999,summer,2026,https://myanimelist.net/anime/season,,True,mal_season_html_id_discovery,mal_html
62876,Saijo no Osewa  Takane no Hanadarake na Meimonkou de Gakuin Ichi no Ojousama Seikatsu Nouryoku Kaimu wo Kagenagara Osewa suru Koto ni Narimashita,,,,,,0,999999999,summer,2026,https://myanimelist.net/anime/season,,True,mal_season_html_id_discovery,mal_html
46488,Tai-Ari deshita Ojousama wa Kakutou Game nante Shinai,,,,,,0,999999999,summer,2026,https://myanimelist.net/anime/season,,True,mal_season_html_id_discovery,mal_html
62617,Koko wa Ore ni Makasete Saki ni Ike to Itte kara 10-nen ga Tattara Densetsu ni Natteita,,,,,,0,999999999,summer,2026,https://myanimelist.net/anime/season,,True,mal_season_html_id_discovery,mal_html
61240,Futsutsuka na Akujo dewa Gozaimasu ga  Suuguu Chouso Torikae Den,,,,,,0,999999999,summer,2026,https://myanimelist.net/anime/season,,True,mal_season_html_id_discovery,mal_html
62078,Ryoumin 0-nin Start no Henkyou Ryoushu-sama,,,,,,0,999999999,summer,2026,https://myanimelist.net/anime/season,,True,mal_season_html_id_discovery,mal_html
63316,Dogulwang,,,,,,0,999999999,summer,2026,https://myanimelist.net/anime/season,,True,mal_season_html_id_discovery,mal_html
58878,Sayonara Lara,,,,,,0,999999999,summer,2026,https://myanimelist.net/anime/season,,True,mal_season_html_id_discovery,mal_html
61048,Neko to Ryuu,,,,,,0,999999999,summer,2026,https://myanimelist.net/anime/season,,True,mal_season_html_id_discovery,mal_html
63347,World Is Dancing,,,,,,0,999999999,summer,2026,https://myanimelist.net/anime/season,,True,mal_season_html_id_discovery,mal_html
61686,Heroine Seijo Iie All Works Maid desu Hokori,,,,,,0,999999999,summer,2026,https://myanimelist.net/anime/season,,True,mal_season_html_id_discovery,mal_html
62435,Sekai Saikyou no Kouei  Meikyuukoku no Shinjin Tansakusha,,,,,,0,999999999,summer,2026,https://myanimelist.net/anime/season,,True,mal_season_html_id_discovery,mal_html
56736,Saikyou Degarashi Ouji no Anyaku Teii Arasoi,,,,,,0,999999999,summer,2026,https://myanimelist.net/anime/season,,True,mal_season_html_id_discovery,mal_html
62289,Buchigire Reijou wa Houfuku wo Chikaimashita Madousho no Chikara de Sokoku wo Tatakitsubushimasu,,,,,,0,999999999,summer,2026,https://myanimelist.net/anime/season,,True,mal_season_html_id_discovery,mal_html
62080,Mujikaku Seijo wa Kyou mo Muishiki ni Chikara wo Tare Nagasu,,,,,,0,999999999,summer,2026,https://myanimelist.net/anime/season,,True,mal_season_html_id_discovery,mal_html
61814,Oni no Hanayome,,,,,,0,999999999,summer,2026,https://myanimelist.net/anime/season,,True,mal_season_html_id_discovery,mal_html
62535,Hanaori-san wa Tensei shitemo Kenka ga Shitai,,,,,,0,999999999,summer,2026,https://myanimelist.net/anime/season,,True,mal_season_html_id_discovery,mal_html
63082,Reiwa no Dara-san,,,,,,0,999999999,summer,2026,https://myanimelist.net/anime/season,,True,mal_season_html_id_discovery,mal_html
62476,Tefuda ga Oome no Victoria,,,,,,0,999999999,summer,2026,https://myanimelist.net/anime/season,,True,mal_season_html_id_discovery,mal_html
63537,Kimi wo Aisuru Ki wa Nai to Itta Jiki Koushaku-sama ga Nazeka Dekiai shitekimasu,,,,,,0,999999999,summer,2026,https://myanimelist.net/anime/season,,True,mal_season_html_id_discovery,mal_html
63489,Sora wa Akai Kawa no Hotori,,,,,,0,999999999,summer,2026,https://myanimelist.net/anime/season,,True,mal_season_html_id_discovery,mal_html
63752,Suterare Seijo no Isekai Gohan Tabi  Kakure Skill de Camping Car wo Shoukan shimashita,,,,,,0,999999999,summer,2026,https://myanimelist.net/anime/season,,True,mal_season_html_id_discovery,mal_html
60637,Mahou Shoujo Lyrical Nanoha EXCEEDS  Gun Blaze Vengeance,,,,,,0,999999999,summer,2026,https://myanimelist.net/anime/season,,True,mal_season_html_id_discovery,mal_html
63061,Uchi no Otouto-domo ga Sumimasen,,,,,,0,999999999,summer,2026,https://myanimelist.net/anime/season,,True,mal_season_html_id_discovery,mal_html
62102,Ibitte Konai Gibo to Gishi,,,,,,0,999999999,summer,2026,https://myanimelist.net/anime/season,,True,mal_season_html_id_discovery,mal_html
61280,Kore Kaite Shine,,,,,,0,999999999,summer,2026,https://myanimelist.net/anime/season,,True,mal_season_html_id_discovery,mal_html
63780,Hanazakari no Kimitachi e 2nd Season,,,,,,0,999999999,summer,2026,https://myanimelist.net/anime/season,,True,mal_season_html_id_discovery,mal_html
60552,Kabushikigaisha Magi-Lumière 2nd Season,,,,,,0,999999999,summer,2026,https://myanimelist.net/anime/season,,True,mal_season_html_id_discovery,mal_html
62883,Bungou Stray Dogs Wan 2,,,,,,0,999999999,summer,2026,https://myanimelist.net/anime/season,,True,mal_season_html_id_discovery,mal_html
63468,Ushiro no Shoumen Kamui-san,,,,,,0,999999999,summer,2026,https://myanimelist.net/anime/season,,True,mal_season_html_id_discovery,mal_html
62051,Grow Up Show  Himawari no Circus-dan,,,,,,0,999999999,summer,2026,https://myanimelist.net/anime/season,,True,mal_season_html_id_discovery,mal_html
63100,Tetsunabe no Jan,,,,,,0,999999999,summer,2026,https://myanimelist.net/anime/season,,True,mal_season_html_id_discovery,mal_html
63324,Iwamoto-senpai no Suisen,,,,,,0,999999999,summer,2026,https://myanimelist.net/anime/season,,True,mal_season_html_id_discovery,mal_html
62430,BanG Dream Yume∞Mita,,,,,,0,999999999,summer,2026,https://myanimelist.net/anime/season,,True,mal_season_html_id_discovery,mal_html
56613,Azur Lane  Bisoku Zenshin Ni,,,,,,0,999999999,summer,2026,https://myanimelist.net/anime/season,,True,mal_season_html_id_discovery,mal_html
62683,Lets Go Kaiki-gumi,,,,,,0,999999999,summer,2026,https://myanimelist.net/anime/season,,True,mal_season_html_id_discovery,mal_html
63878,Migawari Reijou wo Sukutta no wa Reikoku Mujihi na Koori no Ouji no Ai deshita,,,,,,0,999999999,summer,2026,https://myanimelist.net/anime/season,,True,mal_season_html_id_discovery,mal_html
63514,Perfect Addiction,,,,,,0,999999999,summer,2026,https://myanimelist.net/anime/season,,True,mal_season_html_id_discovery,mal_html
63802,Mebius Dust,,,,,,0,999999999,summer,2026,https://myanimelist.net/anime/season,,True,mal_season_html_id_discovery,mal_html
63418,Thunder 3,,,,,,0,999999999,summer,2026,https://myanimelist.net/anime/season,,True,mal_season_html_id_discovery,mal_html
63047,Yoroi Shin Den Samurai Troopers Part 2,,,,,,0,999999999,summer,2026,https://myanimelist.net/anime/season,,True,mal_season_html_id_discovery,mal_html
62031,Honoo no Toukyuujo  Dodge Danko,,,,,,0,999999999,summer,2026,https://myanimelist.net/anime/season,,True,mal_season_html_id_discovery,mal_html
64435,Yami Shibai 17,,,,,,0,999999999,summer,2026,https://myanimelist.net/anime/season,,True,mal_season_html_id_discovery,mal_html
64378,Hokuto no Ken  Kenougun Zako-tachi no Banka Part 2,,,,,,0,999999999,summer,2026,https://myanimelist.net/anime/season,,True,mal_season_html_id_discovery,mal_html
63641,Planosaurus Gachi Koseibutsu-bu,,,,,,0,999999999,summer,2026,https://myanimelist.net/anime/season,,True,mal_season_html_id_discovery,mal_html
64210,Pan no Akachan TV,,,,,,0,999999999,summer,2026,https://myanimelist.net/anime/season,,True,mal_season_html_id_discovery,mal_html
63219,Aware Meisaku-kun 2026,,,,,,0,999999999,summer,2026,https://myanimelist.net/anime/season,,True,mal_season_html_id_discovery,mal_html
64357,Tomica to Tom TV Season 2,,,,,,0,999999999,summer,2026,https://myanimelist.net/anime/season,,True,mal_season_html_id_discovery,mal_html
64578,Chikyuu Daisuki Kikkun,,,,,,0,999999999,summer,2026,https://myanimelist.net/anime/season,,True,mal_season_html_id_discovery,mal_html
21,One Piece,,,,,,0,999999999,summer,2026,https://myanimelist.net/anime/season,,True,mal_season_html_id_discovery,mal_html
235,Meitantei Conan,,,,,,0,999999999,summer,2026,https://myanimelist.net/anime/season,,True,mal_season_html_id_discovery,mal_html
61316,Re Zero kara Hajimeru Isekai Seikatsu 4th Season,,,,,,0,999999999,summer,2026,https://myanimelist.net/anime/season,,True,mal_season_html_id_discovery,mal_html
59970,Tensei shitara Slime Datta Ken 4th Season,,,,,,0,999999999,summer,2026,https://myanimelist.net/anime/season,,True,mal_season_html_id_discovery,mal_html
62001,Yomi no Tsugai,,,,,,0,999999999,summer,2026,https://myanimelist.net/anime/season,,True,mal_season_html_id_discovery,mal_html
966,Crayon Shin-chan,,,,,,0,999999999,summer,2026,https://myanimelist.net/anime/season,,True,mal_season_html_id_discovery,mal_html
60310,Mairimashita Iruma-kun 4th Season,,,,,,0,999999999,summer,2026,https://myanimelist.net/anime/season,,True,mal_season_html_id_discovery,mal_html
57466,Honzuki no Gekokujou  Shisho ni Naru Tame ni wa Shudan wo Erandeiraremasen - Ryoushu no Youjo,,,,,,0,999999999,summer,2026,https://myanimelist.net/anime/season,,True,mal_season_html_id_discovery,mal_html
62331,Liar Game,,,,,,0,999999999,summer,2026,https://myanimelist.net/anime/season,,True,mal_season_html_id_discovery,mal_html
53876,Pokemon 2023,,,,,,0,999999999,summer,2026,https://myanimelist.net/anime/season,,True,mal_season_html_id_discovery,mal_html
62171,Kuroneko to Majo no Kyoushitsu,,,,,,0,999999999,summer,2026,https://myanimelist.net/anime/season,,True,mal_season_html_id_discovery,mal_html
62048,Mao,,,,,,0,999999999,summer,2026,https://myanimelist.net/anime/season,,True,mal_season_html_id_discovery,mal_html
61269,Digimon Beatbreak,,,,,,0,999999999,summer,2026,https://myanimelist.net/anime/season,,True,mal_season_html_id_discovery,mal_html
8687,Doraemon 2005,,,,,,0,999999999,summer,2026,https://myanimelist.net/anime/season,,True,mal_season_html_id_discovery,mal_html
50250,Chiikawa,,,,,,0,999999999,summer,2026,https://myanimelist.net/anime/season,,True,mal_season_html_id_discovery,mal_html
2406,Sazae-san,,,,,,0,999999999,summer,2026,https://myanimelist.net/anime/season,,True,mal_season_html_id_discovery,mal_html
62981,Kami no Shizuku,,,,,,0,999999999,summer,2026,https://myanimelist.net/anime/season,,True,mal_season_html_id_discovery,mal_html
6149,Chibi Maruko-chan 1995,,,,,,0,999999999,summer,2026,https://myanimelist.net/anime/season,,True,mal_season_html_id_discovery,mal_html
1199,Nintama Rantarou,,,,,,0,999999999,summer,2026,https://myanimelist.net/anime/season,,True,mal_season_html_id_discovery,mal_html
56566,Beyblade X,,,,,,0,999999999,summer,2026,https://myanimelist.net/anime/season,,True,mal_season_html_id_discovery,mal_html
63042,Meitantei Precure,,,,,,0,999999999,summer,2026,https://myanimelist.net/anime/season,,True,mal_season_html_id_discovery,mal_html
60534,Koupen-chan,,,,,,0,999999999,summer,2026,https://myanimelist.net/anime/season,,True,mal_season_html_id_discovery,mal_html
1960,Sore Ike Anpanman,,,,,,0,999999999,summer,2026,https://myanimelist.net/anime/season,,True,mal_season_html_id_discovery,mal_html
32353,Bonobono TV 2016,,,,,,0,999999999,summer,2026,https://myanimelist.net/anime/season,,True,mal_season_html_id_discovery,mal_html
50418,Ninjala TV,,,,,,0,999999999,summer,2026,https://myanimelist.net/anime/season,,True,mal_season_html_id_discovery,mal_html
48442,Shikaru Neko,,,,,,0,999999999,summer,2026,https://myanimelist.net/anime/season,,True,mal_season_html_id_discovery,mal_html
60153,Rilakkuma,,,,,,0,999999999,summer,2026,https://myanimelist.net/anime/season,,True,mal_season_html_id_discovery,mal_html
63964,Cheongchun Blossom  Uliui Bom,,,,,,0,999999999,summer,2026,https://myanimelist.net/anime/season,,True,mal_season_html_id_discovery,mal_html
4459,Ojarumaru,,,,,,0,999999999,summer,2026,https://myanimelist.net/anime/season,,True,mal_season_html_id_discovery,mal_html
42295,Fushigi Dagashiya  Zenitendou,,,,,,0,999999999,summer,2026,https://myanimelist.net/anime/season,,True,mal_season_html_id_discovery,mal_html
30151,Kamiusagi Rope  Warau Asa ni wa Fukuraitaru tte Maji ssuka,,,,,,0,999999999,summer,2026,https://myanimelist.net/anime/season,,True,mal_season_html_id_discovery,mal_html
37096,Puzzle   Dragon,,,,,,0,999999999,summer,2026,https://myanimelist.net/anime/season,,True,mal_season_html_id_discovery,mal_html
10506,Shiawase Haitatsu Taneko,,,,,,0,999999999,summer,2026,https://myanimelist.net/anime/season,,True,mal_season_html_id_discovery,mal_html
63352,Onegai AiPri,,,,,,0,999999999,summer,2026,https://myanimelist.net/anime/season,,True,mal_season_html_id_discovery,mal_html
8336,Hanakappa,,,,,,0,999999999,summer,2026,https://myanimelist.net/anime/season,,True,mal_season_html_id_discovery,mal_html
38776,Manul no Yuube,,,,,,0,999999999,summer,2026,https://myanimelist.net/anime/season,,True,mal_season_html_id_discovery,mal_html
63276,Candy Caries,,,,,,0,999999999,summer,2026,https://myanimelist.net/anime/season,,True,mal_season_html_id_discovery,mal_html
54871,Shin Nippon History,,,,,,0,999999999,summer,2026,https://myanimelist.net/anime/season,,True,mal_season_html_id_discovery,mal_html
18941,Shimajirou no Wow,,,,,,0,999999999,summer,2026,https://myanimelist.net/anime/season,,True,mal_season_html_id_discovery,mal_html
22669,Gohan Kaijuu Pap,,,,,,0,999999999,summer,2026,https://myanimelist.net/anime/season,,True,mal_season_html_id_discovery,mal_html
58604,Youkoso Ninchishou Sekai e,,,,,,0,999999999,summer,2026,https://myanimelist.net/anime/season,,True,mal_season_html_id_discovery,mal_html
57357,Shuwawan,,,,,,0,999999999,summer,2026,https://myanimelist.net/anime/season,,True,mal_season_html_id_discovery,mal_html
41458,Origami Ninja Koyankinte,,,,,,0,999999999,summer,2026,https://myanimelist.net/anime/season,,True,mal_season_html_id_discovery,mal_html
59752,Warau Red List,,,,,,0,999999999,summer,2026,https://myanimelist.net/anime/season,,True,mal_season_html_id_discovery,mal_html
62654,Princess Catch Tiniping,,,,,,0,999999999,summer,2026,https://myanimelist.net/anime/season,,True,mal_season_html_id_discovery,mal_html
53408,I Love Me 2nd Season,,,,,,0,999999999,summer,2026,https://myanimelist.net/anime/season,,True,mal_season_html_id_discovery,mal_html
54667,Mukashibanashi no Oheya  Tsutaetai Nihon Mukashibanashi,,,,,,0,999999999,summer,2026,https://myanimelist.net/anime/season,,True,mal_season_html_id_discovery,mal_html
62933,Shou 3 Ashibe QQ Goma-chan,,,,,,0,999999999,summer,2026,https://myanimelist.net/anime/season,,True,mal_season_html_id_discovery,mal_html
62047,Anmari Yakunitatanai Nihonshi,,,,,,0,999999999,summer,2026,https://myanimelist.net/anime/season,,True,mal_season_html_id_discovery,mal_html
62447,Bugchon 5-lagil Ssangdungine,,,,,,0,999999999,summer,2026,https://myanimelist.net/anime/season,,True,mal_season_html_id_discovery,mal_html
63142,Metal Cardbot W,,,,,,0,999999999,summer,2026,https://myanimelist.net/anime/season,,True,mal_season_html_id_discovery,mal_html
63383,Kumarba Season 3,,,,,,0,999999999,summer,2026,https://myanimelist.net/anime/season,,True,mal_season_html_id_discovery,mal_html
64502,Chibi Godzilla no Gyakushuu 4th Season,,,,,,0,999999999,summer,2026,https://myanimelist.net/anime/season,,True,mal_season_html_id_discovery,mal_html
63762,Oshiri Tantei 10th Season,,,,,,0,999999999,summer,2026,https://myanimelist.net/anime/season,,True,mal_season_html_id_discovery,mal_html
62875,Naui Bimilchingu Haechi,,,,,,0,999999999,summer,2026,https://myanimelist.net/anime/season,,True,mal_season_html_id_discovery,mal_html
62382,Nyanchus,,,,,,0,999999999,summer,2026,https://myanimelist.net/anime/season,,True,mal_season_html_id_discovery,mal_html
58574,Pumeog,,,,,,0,999999999,summer,2026,https://myanimelist.net/anime/season,,True,mal_season_html_id_discovery,mal_html
61607,Shiguang Dailiren III,,,,,,0,999999999,summer,2026,https://myanimelist.net/anime/season,,True,mal_season_html_id_discovery,mal_html
64107,Boku no Hero Academia  I Am a Hero Too,,,,,,0,999999999,summer,2026,https://myanimelist.net/anime/season,,True,mal_season_html_id_discovery,mal_html
64012,The Ribbon Hero,,,,,,0,999999999,summer,2026,https://myanimelist.net/anime/season,,True,mal_season_html_id_discovery,mal_html
60568,Jiyi Guanli Ju 2026,,,,,,0,999999999,summer,2026,https://myanimelist.net/anime/season,,True,mal_season_html_id_discovery,mal_html
62957,Bai Ri Cheng Wang,,,,,,0,999999999,summer,2026,https://myanimelist.net/anime/season,,True,mal_season_html_id_discovery,mal_html
63619,Onaji Semi no Someya-san ga Sexy Joyuu datta Hanashi,,,,,,0,999999999,summer,2026,https://myanimelist.net/anime/season,,True,mal_season_html_id_discovery,mal_html
62248,Yi Nian Yong Heng  Wanjie Ji,,,,,,0,999999999,summer,2026,https://myanimelist.net/anime/season,,True,mal_season_html_id_discovery,mal_html
62079,Cyborg 009  Nemesis,,,,,,0,999999999,summer,2026,https://myanimelist.net/anime/season,,True,mal_season_html_id_discovery,mal_html
56234,Hua Xianzi  Mofa Xiang Dui Lun,,,,,,0,999999999,summer,2026,https://myanimelist.net/anime/season,,True,mal_season_html_id_discovery,mal_html
64519,Bananya  At-Home Party,,,,,,0,999999999,summer,2026,https://myanimelist.net/anime/season,,True,mal_season_html_id_discovery,mal_html
62723,Wanmei Shijie Movie  Jiu Jie Fen Tian,,,,,,0,999999999,summer,2026,https://myanimelist.net/anime/season,,True,mal_season_html_id_discovery,mal_html
62707,Dongda Gao Wu Xueyuan,,,,,,0,999999999,summer,2026,https://myanimelist.net/anime/season,,True,mal_season_html_id_discovery,mal_html
64451,Lian Qi Shi Wan Nian Special  Yangji Tianxia,,,,,,0,999999999,summer,2026,https://myanimelist.net/anime/season,,True,mal_season_html_id_discovery,mal_html
62954,Wangu Zhizun  Li Yunxiao Zhuan,,,,,,0,999999999,summer,2026,https://myanimelist.net/anime/season,,True,mal_season_html_id_discovery,mal_html
61619,Zeri Feisheng,,,,,,0,999999999,summer,2026,https://myanimelist.net/anime/season,,True,mal_season_html_id_discovery,mal_html
64461,You Shou Yan 6th Season,,,,,,0,999999999,summer,2026,https://myanimelist.net/anime/season,,True,mal_season_html_id_discovery,mal_html
62948,Jiaonang Jihua  Qiji,,,,,,0,999999999,summer,2026,https://myanimelist.net/anime/season,,True,mal_season_html_id_discovery,mal_html
64509,Shi Wangzhe A 6th Season,,,,,,0,999999999,summer,2026,https://myanimelist.net/anime/season,,True,mal_season_html_id_discovery,mal_html
64510,Ruguo Lishi Shi Yiqun Miao  Daming Huangchao Pian,,,,,,0,999999999,summer,2026,https://myanimelist.net/anime/season,,True,mal_season_html_id_discovery,mal_html
55003,1LDK   JK Ikinari Doukyo Micchaku Hatsu Ecchi,,,,,,0,999999999,summer,2026,https://myanimelist.net/anime/season,,True,mal_season_html_id_discovery,mal_html
64404,Muramata-san no Aijou,,,,,,0,999999999,summer,2026,https://myanimelist.net/anime/season,,True,mal_season_html_id_discovery,mal_html
64095,Harem Shima e Youkoso,,,,,,0,999999999,summer,2026,https://myanimelist.net/anime/season,,True,mal_season_html_id_discovery,mal_html
64373,Inaka ni wa Kore Kurai Shika Goraku ga Nai,,,,,,0,999999999,summer,2026,https://myanimelist.net/anime/season,,True,mal_season_html_id_discovery,mal_html
64405,Netorareta Bakunyuu Tsuma-tachi 2,,,,,,0,999999999,summer,2026,https://myanimelist.net/anime/season,,True,mal_season_html_id_discovery,mal_html
64292,Pure x Holic  Junketsu Otome to Konin Kankei The Animation,,,,,,0,999999999,summer,2026,https://myanimelist.net/anime/season,,True,mal_season_html_id_discovery,mal_html
64053,Juurin Oukoku,,,,,,0,999999999,summer,2026,https://myanimelist.net/anime/season,,True,mal_season_html_id_discovery,mal_html
64291,Sare Tsuma wa Ubawaretai,,,,,,0,999999999,summer,2026,https://myanimelist.net/anime/season,,True,mal_season_html_id_discovery,mal_html
64250,Deco x Deco The Animation,,,,,,0,999999999,summer,2026,https://myanimelist.net/anime/season,,True,mal_season_html_id_discovery,mal_html
64531,Kanojo Saimin,,,,,,0,999999999,summer,2026,https://myanimelist.net/anime/season,,True,mal_season_html_id_discovery,mal_html
64529,NTR Kishi,,,,,,0,999999999,summer,2026,https://myanimelist.net/anime/season,,True,mal_season_html_id_discovery,mal_html
64530,Mujikaku na Osananajimi to Kyoumi Honi de Yattemitara The Animation,,,,,,0,999999999,summer,2026,https://myanimelist.net/anime/season,,True,mal_season_html_id_discovery,mal_html
48820,Mahou Shoujo Madoka★Magica Movie 4  Walpurgis no Kaiten,,,,,,0,999999999,summer,2026,https://myanimelist.net/anime/season,,True,mal_season_html_id_discovery,mal_html
62312,Sekiro  No Defeat,,,,,,0,999999999,summer,2026,https://myanimelist.net/anime/season,,True,mal_season_html_id_discovery,mal_html
63819,Shibou Yuugi de Meshi wo Kuu 44  Cloudy Beach,,,,,,0,999999999,summer,2026,https://myanimelist.net/anime/season,,True,mal_season_html_id_discovery,mal_html
63423,Doko yori mo Tooi Basho ni Iru Kimi e,,,,,,0,999999999,summer,2026,https://myanimelist.net/anime/season,,True,mal_season_html_id_discovery,mal_html
63736,Sword Art Online  Unanswered  butterfly,,,,,,0,999999999,summer,2026,https://myanimelist.net/anime/season,,True,mal_season_html_id_discovery,mal_html
64019,Saishuu Gakushou Hibike Euphonium  Kouhen,,,,,,0,999999999,summer,2026,https://myanimelist.net/anime/season,,True,mal_season_html_id_discovery,mal_html
63366,Kimi to Hanabi to Yakusoku to,,,,,,0,999999999,summer,2026,https://myanimelist.net/anime/season,,True,mal_season_html_id_discovery,mal_html
62973,Wareware wa Uchuujin,,,,,,0,999999999,summer,2026,https://myanimelist.net/anime/season,,True,mal_season_html_id_discovery,mal_html
63011,Chiikawa Movie  Ningyo no Shima no Himitsu,,,,,,0,999999999,summer,2026,https://myanimelist.net/anime/season,,True,mal_season_html_id_discovery,mal_html
63973,Shiranuhi,,,,,,0,999999999,summer,2026,https://myanimelist.net/anime/season,,True,mal_season_html_id_discovery,mal_html
63903,Meitantei Precure Movie  Fushigi na Niwa to 2-ri no Himitsu,,,,,,0,999999999,summer,2026,https://myanimelist.net/anime/season,,True,mal_season_html_id_discovery,mal_html
63512,Crayon Shin-chan Movie 34  Kikikaikai Ora no Youkai Bake-shon,,,,,,0,999999999,summer,2026,https://myanimelist.net/anime/season,,True,mal_season_html_id_discovery,mal_html
64431,Majo no Tani no Yoru,,,,,,0,999999999,summer,2026,https://myanimelist.net/anime/season,,True,mal_season_html_id_discovery,mal_html
64383,Da Tang Yao Tan,,,,,,0,999999999,summer,2026,https://myanimelist.net/anime/season,,True,mal_season_html_id_discovery,mal_html
64382,Baxian,,,,,,0,999999999,summer,2026,https://myanimelist.net/anime/season,,True,mal_season_html_id_discovery,mal_html
64536,Qu Ni de Dao,,,,,,0,999999999,summer,2026,https://myanimelist.net/anime/season,,True,mal_season_html_id_discovery,mal_html
64580,Rusuban 2026,,,,,,0,999999999,summer,2026,https://myanimelist.net/anime/season,,True,mal_season_html_id_discovery,mal_html
62233,One Piece  Heroines,,,,,,0,999999999,summer,2026,https://myanimelist.net/anime/season,,True,mal_season_html_id_discovery,mal_html
61546,Star Wars  Visions Presents - The Ninth Jedi,,,,,,0,999999999,summer,2026,https://myanimelist.net/anime/season,,True,mal_season_html_id_discovery,mal_html
52991,Sousou no Frieren,,,,,,0,999999999,summer,2026,https://myanimelist.net/anime/season,,True,mal_season_html_id_discovery,mal_html
5114,Fullmetal Alchemist  Brotherhood,,,,,,0,999999999,summer,2026,https://myanimelist.net/anime/season,,True,mal_season_html_id_discovery,mal_html
61469,Steel Ball Run  JoJo no Kimyou na Bouken,,,,,,0,999999999,summer,2026,https://myanimelist.net/anime/season,,True,mal_season_html_id_discovery,mal_html
9253,Steins Gate,,,,,,0,999999999,summer,2026,https://myanimelist.net/anime/season,,True,mal_season_html_id_discovery,mal_html
51553,Tongari Boushi no Atelier,,,,,,0,999999999,spring,2026,https://myanimelist.net/anime/season/2026/spring,,True,mal_season_html_id_discovery,mal_html
59708,Youkoso Jitsuryoku Shijou Shugi no Kyoushitsu e 4th Season  2-nensei-hen 1 Gakki,,,,,,0,999999999,spring,2026,https://myanimelist.net/anime/season/2026/spring,,True,mal_season_html_id_discovery,mal_html
59983,Tsue to Tsurugi no Wistoria Season 2,,,,,,0,999999999,spring,2026,https://myanimelist.net/anime/season/2026/spring,,True,mal_season_html_id_discovery,mal_html
62568,Dr Stone  Science Future Part 3,,,,,,0,999999999,spring,2026,https://myanimelist.net/anime/season/2026/spring,,True,mal_season_html_id_discovery,mal_html
56876,Otonari no Tenshi-sama ni Itsunomanika Dame Ningen ni Sareteita Ken 2,,,,,,0,999999999,spring,2026,https://myanimelist.net/anime/season/2026/spring,,True,mal_season_html_id_discovery,mal_html
56734,Class de 2-banme ni Kawaii Onnanoko to Tomodachi ni Natta,,,,,,0,999999999,spring,2026,https://myanimelist.net/anime/season/2026/spring,,True,mal_season_html_id_discovery,mal_html
62601,Marriagetoxin,,,,,,0,999999999,spring,2026,https://myanimelist.net/anime/season/2026/spring,,True,mal_season_html_id_discovery,mal_html
60852,Koori no Jouheki,,,,,,0,999999999,spring,2026,https://myanimelist.net/anime/season/2026/spring,,True,mal_season_html_id_discovery,mal_html
62604,Otaku ni Yasashii Gal wa Inai,,,,,,0,999999999,spring,2026,https://myanimelist.net/anime/season/2026/spring,,True,mal_season_html_id_discovery,mal_html
63375,Nippon Sangoku,,,,,,0,999999999,spring,2026,https://myanimelist.net/anime/season/2026/spring,,True,mal_season_html_id_discovery,mal_html
60028,Himekishi wa Barbaroi no Yome,,,,,,0,999999999,spring,2026,https://myanimelist.net/anime/season/2026/spring,,True,mal_season_html_id_discovery,mal_html
61839,Aishiteru Game wo Owarasetai,,,,,,0,999999999,spring,2026,https://myanimelist.net/anime/season/2026/spring,,True,mal_season_html_id_discovery,mal_html
62146,Isekai Nonbiri Nouka 2,,,,,,0,999999999,spring,2026,https://myanimelist.net/anime/season/2026/spring,,True,mal_season_html_id_discovery,mal_html
61443,Shunkashuutou Daikousha  Haru no Mai,,,,,,0,999999999,spring,2026,https://myanimelist.net/anime/season/2026/spring,,True,mal_season_html_id_discovery,mal_html
61501,Kanan-sama wa Akumade Choroi,,,,,,0,999999999,spring,2026,https://myanimelist.net/anime/season/2026/spring,,True,mal_season_html_id_discovery,mal_html
61831,Saikyou no Ousama Nidome no Jinsei wa Nani wo Suru Season 2,,,,,,0,999999999,spring,2026,https://myanimelist.net/anime/season/2026/spring,,True,mal_season_html_id_discovery,mal_html
62391,Kill Ao,,,,,,0,999999999,spring,2026,https://myanimelist.net/anime/season/2026/spring,,True,mal_season_html_id_discovery,mal_html
62164,Akane-banashi,,,,,,0,999999999,spring,2026,https://myanimelist.net/anime/season/2026/spring,,True,mal_season_html_id_discovery,mal_html
62913,Needy Girl Overdose,,,,,,0,999999999,spring,2026,https://myanimelist.net/anime/season/2026/spring,,True,mal_season_html_id_discovery,mal_html
61687,Jishou Akuyaku Reijou na Konyakusha no Kansatsu Kiroku,,,,,,0,999999999,spring,2026,https://myanimelist.net/anime/season/2026/spring,,True,mal_season_html_id_discovery,mal_html
59551,Ganbare Nakamura-kun,,,,,,0,999999999,spring,2026,https://myanimelist.net/anime/season/2026/spring,,True,mal_season_html_id_discovery,mal_html
61425,Ponkotsu Fuuki Iin to Skirt-take ga Futekisetsu na JK no Hanashi,,,,,,0,999999999,spring,2026,https://myanimelist.net/anime/season/2026/spring,,True,mal_season_html_id_discovery,mal_html
62825,Saikyou no Shokugyou wa Yuusha demo Kenja demo Naku Kanteishi Kari Rashii desu yo,,,,,,0,999999999,spring,2026,https://myanimelist.net/anime/season/2026/spring,,True,mal_season_html_id_discovery,mal_html
59443,Reincarnation no Kaben,,,,,,0,999999999,spring,2026,https://myanimelist.net/anime/season/2026/spring,,True,mal_season_html_id_discovery,mal_html
61186,Kamiina Botan Yoeru Sugata wa Yuri no Hana,,,,,,0,999999999,spring,2026,https://myanimelist.net/anime/season/2026/spring,,True,mal_season_html_id_discovery,mal_html
62485,Kanojo Okarishimasu 5th Season,,,,,,0,999999999,spring,2026,https://myanimelist.net/anime/season/2026/spring,,True,mal_season_html_id_discovery,mal_html
61931,Higeki no Genkyou to Naru Saikyou Gedou Last Boss Joou wa Tami no Tame ni Tsukushimasu Season 2,,,,,,0,999999999,spring,2026,https://myanimelist.net/anime/season/2026/spring,,True,mal_season_html_id_discovery,mal_html
62893,Nigashita Sakana wa Ookikatta ga Tsuriageta Sakana ga Ookisugita Ken,,,,,,0,999999999,spring,2026,https://myanimelist.net/anime/season/2026/spring,,True,mal_season_html_id_discovery,mal_html
60444,Yowayowa Sensei,,,,,,0,999999999,spring,2026,https://myanimelist.net/anime/season/2026/spring,,True,mal_season_html_id_discovery,mal_html
60055,Yozakura-san Chi no Daisakusen 2nd Season,,,,,,0,999999999,spring,2026,https://myanimelist.net/anime/season/2026/spring,,True,mal_season_html_id_discovery,mal_html
61943,Haibara-kun no Tsuyokute Seishun New Game,,,,,,0,999999999,spring,2026,https://myanimelist.net/anime/season/2026/spring,,True,mal_season_html_id_discovery,mal_html
59393,Niwatori Fighter,,,,,,0,999999999,spring,2026,https://myanimelist.net/anime/season/2026/spring,,True,mal_season_html_id_discovery,mal_html
62050,Kami no Niwatsuki Kusunoki-tei,,,,,,0,999999999,spring,2026,https://myanimelist.net/anime/season/2026/spring,,True,mal_season_html_id_discovery,mal_html
63376,Megami Isekai Tensei Nani ni Naritai desu ka Ore Yuusha no Rokkotsu de,,,,,,0,999999999,spring,2026,https://myanimelist.net/anime/season/2026/spring,,True,mal_season_html_id_discovery,mal_html
62512,Jidou Hanbaiki ni Umarekawatta Ore wa Meikyuu wo Samayou 3rd Season,,,,,,0,999999999,spring,2026,https://myanimelist.net/anime/season/2026/spring,,True,mal_season_html_id_discovery,mal_html
62964,Mata Korosarete Shimatta no desu ne Tantei-sama,,,,,,0,999999999,spring,2026,https://myanimelist.net/anime/season/2026/spring,,True,mal_season_html_id_discovery,mal_html
61013,Replica datte Koi wo Suru,,,,,,0,999999999,spring,2026,https://myanimelist.net/anime/season/2026/spring,,True,mal_season_html_id_discovery,mal_html
62068,Snowball Earth,,,,,,0,999999999,spring,2026,https://myanimelist.net/anime/season/2026/spring,,True,mal_season_html_id_discovery,mal_html
62983,Marika-chan no Koukando wa Bukkowareteiru,,,,,,0,999999999,spring,2026,https://myanimelist.net/anime/season/2026/spring,,True,mal_season_html_id_discovery,mal_html
63014,Tadaima Ojamasaremasu,,,,,,0,999999999,spring,2026,https://myanimelist.net/anime/season/2026/spring,,True,mal_season_html_id_discovery,mal_html
58877,Diamond no Ace  Act II Second Season,,,,,,0,999999999,spring,2026,https://myanimelist.net/anime/season/2026/spring,,True,mal_season_html_id_discovery,mal_html
62342,Maid-san wa Taberu dake,,,,,,0,999999999,spring,2026,https://myanimelist.net/anime/season/2026/spring,,True,mal_season_html_id_discovery,mal_html
53732,Hidarikiki no Eren,,,,,,0,999999999,spring,2026,https://myanimelist.net/anime/season/2026/spring,,True,mal_season_html_id_discovery,mal_html
58820,Awajima Hyakkei,,,,,,0,999999999,spring,2026,https://myanimelist.net/anime/season/2026/spring,,True,mal_season_html_id_discovery,mal_html
63304,Mamonogurai no Boukensha  Ore dake Mamono wo Kuratte Tsuyoku Naru,,,,,,0,999999999,spring,2026,https://myanimelist.net/anime/season/2026/spring,,True,mal_season_html_id_discovery,mal_html
62018,Ichijouma Mankitsugurashi,,,,,,0,999999999,spring,2026,https://myanimelist.net/anime/season/2026/spring,,True,mal_season_html_id_discovery,mal_html
59835,Kirio Fanclub,,,,,,0,999999999,spring,2026,https://myanimelist.net/anime/season/2026/spring,,True,mal_season_html_id_discovery,mal_html
56646,Hokuto no Ken  Fist of the North Star,,,,,,0,999999999,spring,2026,https://myanimelist.net/anime/season/2026/spring,,True,mal_season_html_id_discovery,mal_html
63433,Daikenja Riddle no Jikan Gyakkou,,,,,,0,999999999,spring,2026,https://myanimelist.net/anime/season/2026/spring,,True,mal_season_html_id_discovery,mal_html
63310,Ingoku Danchi,,,,,,0,999999999,spring,2026,https://myanimelist.net/anime/season/2026/spring,,True,mal_season_html_id_discovery,mal_html
58832,Kujima Utaeba Ie Hororo,,,,,,0,999999999,spring,2026,https://myanimelist.net/anime/season/2026/spring,,True,mal_season_html_id_discovery,mal_html
59176,Mahou no Shimai Lulutto Lilly,,,,,,0,999999999,spring,2026,https://myanimelist.net/anime/season/2026/spring,,True,mal_season_html_id_discovery,mal_html
62852,Ghost Concert  Missing Songs,,,,,,0,999999999,spring,2026,https://myanimelist.net/anime/season/2026/spring,,True,mal_season_html_id_discovery,mal_html
63469,Hyakki Yakoushou,,,,,,0,999999999,spring,2026,https://myanimelist.net/anime/season/2026/spring,,True,mal_season_html_id_discovery,mal_html
63709,Komekami Girls,,,,,,0,999999999,spring,2026,https://myanimelist.net/anime/season/2026/spring,,True,mal_season_html_id_discovery,mal_html
62495,Nezumi-kun no Chokki TV,,,,,,0,999999999,spring,2026,https://myanimelist.net/anime/season/2026/spring,,True,mal_season_html_id_discovery,mal_html
61217,Yuusha no Kuzu,,,,,,0,999999999,spring,2026,https://myanimelist.net/anime/season/2026/spring,,True,mal_season_html_id_discovery,mal_html
53907,Tom to Jerry Gokko,,,,,,0,999999999,spring,2026,https://myanimelist.net/anime/season/2026/spring,,True,mal_season_html_id_discovery,mal_html
57779,Dorohedoro Season 2,,,,,,0,999999999,spring,2026,https://myanimelist.net/anime/season/2026/spring,,True,mal_season_html_id_discovery,mal_html
62927,Fangkai Nage Nuwu,,,,,,0,999999999,spring,2026,https://myanimelist.net/anime/season/2026/spring,,True,mal_season_html_id_discovery,mal_html
56885,Sousou no Frieren  ●● no Mahou,,,,,,0,999999999,spring,2026,https://myanimelist.net/anime/season/2026/spring,,True,mal_season_html_id_discovery,mal_html
62276,Guimi Zhi Zhu Specials,,,,,,0,999999999,spring,2026,https://myanimelist.net/anime/season/2026/spring,,True,mal_season_html_id_discovery,mal_html
59953,Mushen Ji,,,,,,0,999999999,spring,2026,https://myanimelist.net/anime/season/2026/spring,,True,mal_season_html_id_discovery,mal_html
63572,Dandelion,,,,,,0,999999999,spring,2026,https://myanimelist.net/anime/season/2026/spring,,True,mal_season_html_id_discovery,mal_html
63833,Baki-dou Part 2,,,,,,0,999999999,spring,2026,https://myanimelist.net/anime/season/2026/spring,,True,mal_season_html_id_discovery,mal_html
47405,Wanmei Shijie,,,,,,0,999999999,spring,2026,https://myanimelist.net/anime/season/2026/spring,,True,mal_season_html_id_discovery,mal_html
51039,Doupo Cangqiong  Nian Fan,,,,,,0,999999999,spring,2026,https://myanimelist.net/anime/season/2026/spring,,True,mal_season_html_id_discovery,mal_html
55809,Xian Ni,,,,,,0,999999999,spring,2026,https://myanimelist.net/anime/season/2026/spring,,True,mal_season_html_id_discovery,mal_html
62155,Iya na Kao sare nagara Opantsu Misete Moraitai Returns,,,,,,0,999999999,spring,2026,https://myanimelist.net/anime/season/2026/spring,,True,mal_season_html_id_discovery,mal_html
63248,Ookii Onnanoko wa Suki desu ka,,,,,,0,999999999,spring,2026,https://myanimelist.net/anime/season/2026/spring,,True,mal_season_html_id_discovery,mal_html
51836,Douluo Dalu II  Jueshi Tangmen,,,,,,0,999999999,spring,2026,https://myanimelist.net/anime/season/2026/spring,,True,mal_season_html_id_discovery,mal_html
41409,Wushen Zhuzai,,,,,,0,999999999,spring,2026,https://myanimelist.net/anime/season/2026/spring,,True,mal_season_html_id_discovery,mal_html
56524,Tunshi Xingkong 4th Season,,,,,,0,999999999,spring,2026,https://myanimelist.net/anime/season/2026/spring,,True,mal_season_html_id_discovery,mal_html
60651,Yu-Gi-Oh Card Game  The Chronicles,,,,,,0,999999999,spring,2026,https://myanimelist.net/anime/season/2026/spring,,True,mal_season_html_id_discovery,mal_html
62719,Quanzhi Fashi VII,,,,,,0,999999999,spring,2026,https://myanimelist.net/anime/season/2026/spring,,True,mal_season_html_id_discovery,mal_html
60591,Wei Miao Rensheng,,,,,,0,999999999,spring,2026,https://myanimelist.net/anime/season/2026/spring,,True,mal_season_html_id_discovery,mal_html
51289,Zhe Tian,,,,,,0,999999999,spring,2026,https://myanimelist.net/anime/season/2026/spring,,True,mal_season_html_id_discovery,mal_html
54437,Lian Qi Shi Wan Nian,,,,,,0,999999999,spring,2026,https://myanimelist.net/anime/season/2026/spring,,True,mal_season_html_id_discovery,mal_html
61107,GANSO BanG Dream Chan,,,,,,0,999999999,spring,2026,https://myanimelist.net/anime/season/2026/spring,,True,mal_season_html_id_discovery,mal_html
63957,Shiguang Xiao Juchang,,,,,,0,999999999,spring,2026,https://myanimelist.net/anime/season/2026/spring,,True,mal_season_html_id_discovery,mal_html
62340,Guangyin Zhi Wai,,,,,,0,999999999,spring,2026,https://myanimelist.net/anime/season/2026/spring,,True,mal_season_html_id_discovery,mal_html
60191,Cheng He Titong 2nd Season,,,,,,0,999999999,spring,2026,https://myanimelist.net/anime/season/2026/spring,,True,mal_season_html_id_discovery,mal_html
62241,Biao Ren Er,,,,,,0,999999999,spring,2026,https://myanimelist.net/anime/season/2026/spring,,True,mal_season_html_id_discovery,mal_html
61562,Ze Tian Ji 2026,,,,,,0,999999999,spring,2026,https://myanimelist.net/anime/season/2026/spring,,True,mal_season_html_id_discovery,mal_html
60588,Kai Pai La Guaishou Da Dianying,,,,,,0,999999999,spring,2026,https://myanimelist.net/anime/season/2026/spring,,True,mal_season_html_id_discovery,mal_html
63240,Fanren Xiu Xian Zhuan  Mulan Zhi Zhan,,,,,,0,999999999,spring,2026,https://myanimelist.net/anime/season/2026/spring,,True,mal_season_html_id_discovery,mal_html
62728,Jian Lai 2nd Season,,,,,,0,999999999,spring,2026,https://myanimelist.net/anime/season/2026/spring,,True,mal_season_html_id_discovery,mal_html
61556,Da Zhuzai  Nian Fan 2,,,,,,0,999999999,spring,2026,https://myanimelist.net/anime/season/2026/spring,,True,mal_season_html_id_discovery,mal_html
62651,Cang Yuan Tu 3,,,,,,0,999999999,spring,2026,https://myanimelist.net/anime/season/2026/spring,,True,mal_season_html_id_discovery,mal_html
62234,Zhan Shen  Fanchen Shenyu II,,,,,,0,999999999,spring,2026,https://myanimelist.net/anime/season/2026/spring,,True,mal_season_html_id_discovery,mal_html
60580,Xuan Jie Zhi Men,,,,,,0,999999999,spring,2026,https://myanimelist.net/anime/season/2026/spring,,True,mal_season_html_id_discovery,mal_html
64128,Otaku no Boku ga Ichigun Gal to Tsukiaerumade no Hanashi,,,,,,0,999999999,spring,2026,https://myanimelist.net/anime/season/2026/spring,,True,mal_season_html_id_discovery,mal_html
61921,Shen Mu  Nian Fan,,,,,,0,999999999,spring,2026,https://myanimelist.net/anime/season/2026/spring,,True,mal_season_html_id_discovery,mal_html
60574,Shenkong Bi An,,,,,,0,999999999,spring,2026,https://myanimelist.net/anime/season/2026/spring,,True,mal_season_html_id_discovery,mal_html
61642,Wan Ren Zhi Shang,,,,,,0,999999999,spring,2026,https://myanimelist.net/anime/season/2026/spring,,True,mal_season_html_id_discovery,mal_html
62911,Yong Sheng  Tai Yuan Xian Fu,,,,,,0,999999999,spring,2026,https://myanimelist.net/anime/season/2026/spring,,True,mal_season_html_id_discovery,mal_html
62726,Tunshi Xingkong Movie  Juezhan Yuanshi Xing,,,,,,0,999999999,spring,2026,https://myanimelist.net/anime/season/2026/spring,,True,mal_season_html_id_discovery,mal_html
61557,Nitian Xie Shen  Nian Fan,,,,,,0,999999999,spring,2026,https://myanimelist.net/anime/season/2026/spring,,True,mal_season_html_id_discovery,mal_html
62718,Xingchen Bian  Zuizhong Ji,,,,,,0,999999999,spring,2026,https://myanimelist.net/anime/season/2026/spring,,True,mal_season_html_id_discovery,mal_html
63939,The Bloody Mary,,,,,,0,999999999,spring,2026,https://myanimelist.net/anime/season/2026/spring,,True,mal_season_html_id_discovery,mal_html
64217,Nikenichi Non Non Zenshou Kichi,,,,,,0,999999999,spring,2026,https://myanimelist.net/anime/season/2026/spring,,True,mal_season_html_id_discovery,mal_html
63606,Zhe Tian Movie  Bei Guan Zhan Wang Teng,,,,,,0,999999999,spring,2026,https://myanimelist.net/anime/season/2026/spring,,True,mal_season_html_id_discovery,mal_html
60571,Jiang Ye,,,,,,0,999999999,spring,2026,https://myanimelist.net/anime/season/2026/spring,,True,mal_season_html_id_discovery,mal_html
64398,Guangyin Zhi Wai 2,,,,,,0,999999999,spring,2026,https://myanimelist.net/anime/season/2026/spring,,True,mal_season_html_id_discovery,mal_html
61626,Sou Shen Ji ONA,,,,,,0,999999999,spring,2026,https://myanimelist.net/anime/season/2026/spring,,True,mal_season_html_id_discovery,mal_html
60592,Dadao Duxing  Die Long Bian,,,,,,0,999999999,spring,2026,https://myanimelist.net/anime/season/2026/spring,,True,mal_season_html_id_discovery,mal_html
63125,Odekake Kozame 2nd Season,,,,,,0,999999999,spring,2026,https://myanimelist.net/anime/season/2026/spring,,True,mal_season_html_id_discovery,mal_html
63967,Panlong,,,,,,0,999999999,spring,2026,https://myanimelist.net/anime/season/2026/spring,,True,mal_season_html_id_discovery,mal_html
63151,Mofusand,,,,,,0,999999999,spring,2026,https://myanimelist.net/anime/season/2026/spring,,True,mal_season_html_id_discovery,mal_html
63439,Dao Yao Xing,,,,,,0,999999999,spring,2026,https://myanimelist.net/anime/season/2026/spring,,True,mal_season_html_id_discovery,mal_html
64205,Shounen to Gundam,,,,,,0,999999999,spring,2026,https://myanimelist.net/anime/season/2026/spring,,True,mal_season_html_id_discovery,mal_html
63991,Benghuai  Xing Qiong Tiedao - Zhe Youxi Hai Neng Buneng Wanle,,,,,,0,999999999,spring,2026,https://myanimelist.net/anime/season/2026/spring,,True,mal_season_html_id_discovery,mal_html
64289,Garou Densetsu  CotW - Mr Karate,,,,,,0,999999999,spring,2026,https://myanimelist.net/anime/season/2026/spring,,True,mal_season_html_id_discovery,mal_html
64394,Shixiong A Shixiong  Zuizhong Ji,,,,,,0,999999999,spring,2026,https://myanimelist.net/anime/season/2026/spring,,True,mal_season_html_id_discovery,mal_html
64011,Garou Densetsu  CotW - Wolfgang Krauser,,,,,,0,999999999,spring,2026,https://myanimelist.net/anime/season/2026/spring,,True,mal_season_html_id_discovery,mal_html
63788,Fei Ren Zai 3rd Season Part 2,,,,,,0,999999999,spring,2026,https://myanimelist.net/anime/season/2026/spring,,True,mal_season_html_id_discovery,mal_html
63149,Yun Shen Buzhi Meng Special  Zhu Ming Zhi Yi,,,,,,0,999999999,spring,2026,https://myanimelist.net/anime/season/2026/spring,,True,mal_season_html_id_discovery,mal_html
64375,Cheng Huang Lu,,,,,,0,999999999,spring,2026,https://myanimelist.net/anime/season/2026/spring,,True,mal_season_html_id_discovery,mal_html
64388,Jueshi Zhan Hun 2nd Season,,,,,,0,999999999,spring,2026,https://myanimelist.net/anime/season/2026/spring,,True,mal_season_html_id_discovery,mal_html
64079,Looney Tunes Gokko,,,,,,0,999999999,spring,2026,https://myanimelist.net/anime/season/2026/spring,,True,mal_season_html_id_discovery,mal_html
64181,Transformers  Wild King W,,,,,,0,999999999,spring,2026,https://myanimelist.net/anime/season/2026/spring,,True,mal_season_html_id_discovery,mal_html
64384,Zhangmen Didiao Dian,,,,,,0,999999999,spring,2026,https://myanimelist.net/anime/season/2026/spring,,True,mal_season_html_id_discovery,mal_html
64537,Lets Roll Cinnamoroll 2nd Season,,,,,,0,999999999,spring,2026,https://myanimelist.net/anime/season/2026/spring,,True,mal_season_html_id_discovery,mal_html
64325,Pie no Mi  Oshi no Mori e Youkoso,,,,,,0,999999999,spring,2026,https://myanimelist.net/anime/season/2026/spring,,True,mal_season_html_id_discovery,mal_html
63266,Tensei Akujo no Kuro Rekishi OVA,,,,,,0,999999999,spring,2026,https://myanimelist.net/anime/season/2026/spring,,True,mal_season_html_id_discovery,mal_html
63582,Kyonyuu ga Futari Inai to Bokki Shinai Otto no Tame ni Tomodachi wo Tsuretekita Tsuma,,,,,,0,999999999,spring,2026,https://myanimelist.net/anime/season/2026/spring,,True,mal_season_html_id_discovery,mal_html
63846,Heart Mark Oome,,,,,,0,999999999,spring,2026,https://myanimelist.net/anime/season/2026/spring,,True,mal_season_html_id_discovery,mal_html
63345,Love wa Gal kara Hajimaru Unmei,,,,,,0,999999999,spring,2026,https://myanimelist.net/anime/season/2026/spring,,True,mal_season_html_id_discovery,mal_html
63520,Todo no Tsumari,,,,,,0,999999999,spring,2026,https://myanimelist.net/anime/season/2026/spring,,True,mal_season_html_id_discovery,mal_html
63394,Chimimonryou,,,,,,0,999999999,spring,2026,https://myanimelist.net/anime/season/2026/spring,,True,mal_season_html_id_discovery,mal_html
63810,Paihame Kazoku,,,,,,0,999999999,spring,2026,https://myanimelist.net/anime/season/2026/spring,,True,mal_season_html_id_discovery,mal_html
63657,Seishidouin no Oshigoto,,,,,,0,999999999,spring,2026,https://myanimelist.net/anime/season/2026/spring,,True,mal_season_html_id_discovery,mal_html
64070,Furachi,,,,,,0,999999999,spring,2026,https://myanimelist.net/anime/season/2026/spring,,True,mal_season_html_id_discovery,mal_html
63765,Nuki Nuki Zupposism,,,,,,0,999999999,spring,2026,https://myanimelist.net/anime/season/2026/spring,,True,mal_season_html_id_discovery,mal_html
64297,Muchuu no Tou,,,,,,0,999999999,spring,2026,https://myanimelist.net/anime/season/2026/spring,,True,mal_season_html_id_discovery,mal_html
64146,Kare no Shiranai Himitsu wo Irete The Animation,,,,,,0,999999999,spring,2026,https://myanimelist.net/anime/season/2026/spring,,True,mal_season_html_id_discovery,mal_html
64301,Hamehara  Sore Sekuhara desu,,,,,,0,999999999,spring,2026,https://myanimelist.net/anime/season/2026/spring,,True,mal_season_html_id_discovery,mal_html
59174,Mahouka Koukou no Rettousei Movie  Yotsuba Keishou-hen,,,,,,0,999999999,spring,2026,https://myanimelist.net/anime/season/2026/spring,,True,mal_season_html_id_discovery,mal_html
61230,Saishuu Gakushou Hibike Euphonium  Zenpen,,,,,,0,999999999,spring,2026,https://myanimelist.net/anime/season/2026/spring,,True,mal_season_html_id_discovery,mal_html
61202,Mononoke Movie 3  Hebigami,,,,,,0,999999999,spring,2026,https://myanimelist.net/anime/season/2026/spring,,True,mal_season_html_id_discovery,mal_html
59889,Kidou Keisatsu Patlabor  EZY,,,,,,0,999999999,spring,2026,https://myanimelist.net/anime/season/2026/spring,,True,mal_season_html_id_discovery,mal_html
61806,Love Live Hasunosora Jogakuin School Idol Club Movie  Bloom Garden Party,,,,,,0,999999999,spring,2026,https://myanimelist.net/anime/season/2026/spring,,True,mal_season_html_id_discovery,mal_html
62387,Meitantei Conan Movie 29  Highway no Datenshi,,,,,,0,999999999,spring,2026,https://myanimelist.net/anime/season/2026/spring,,True,mal_season_html_id_discovery,mal_html
58773,Keroro Gunsou Movie 6  Fukkatsu shite Sokkou Chikyuu Metsubou no Kiki de Arimasu,,,,,,0,999999999,spring,2026,https://myanimelist.net/anime/season/2026/spring,,True,mal_season_html_id_discovery,mal_html
64102,Kujira wo Yumemu,,,,,,0,999999999,spring,2026,https://myanimelist.net/anime/season/2026/spring,,True,mal_season_html_id_discovery,mal_html
58205,Eri,,,,,,0,999999999,spring,2026,https://myanimelist.net/anime/season/2026/spring,,True,mal_season_html_id_discovery,mal_html
56321,Zhong Kui,,,,,,0,999999999,spring,2026,https://myanimelist.net/anime/season/2026/spring,,True,mal_season_html_id_discovery,mal_html
63356,Sore Ike Anpanman  Pantan to Yakusoku no Hoshi,,,,,,0,999999999,spring,2026,https://myanimelist.net/anime/season/2026/spring,,True,mal_season_html_id_discovery,mal_html
64225,Mou Hitori no Alice,,,,,,0,999999999,spring,2026,https://myanimelist.net/anime/season/2026/spring,,True,mal_season_html_id_discovery,mal_html
63130,Boku no Hero Academia  More,,,,,,0,999999999,spring,2026,https://myanimelist.net/anime/season/2026/spring,,True,mal_season_html_id_discovery,mal_html
63830,Re Zero kara Hajimeru Break Time 4th Season,,,,,,0,999999999,spring,2026,https://myanimelist.net/anime/season/2026/spring,,True,mal_season_html_id_discovery,mal_html
63857,Tsue to Tsurugi no Wistoria Recap,,,,,,0,999999999,spring,2026,https://myanimelist.net/anime/season/2026/spring,,True,mal_season_html_id_discovery,mal_html
63503,Isekai no Sata wa Shachiku Shidai  Omoi wo Hasemashita,,,,,,0,999999999,spring,2026,https://myanimelist.net/anime/season/2026/spring,,True,mal_season_html_id_discovery,mal_html
63330,Android wa Keiken Ninzuu ni Hairimasu ka Special,,,,,,0,999999999,spring,2026,https://myanimelist.net/anime/season/2026/spring,,True,mal_season_html_id_discovery,mal_html
64359,Meitantei Conan  Hanamaru na Answer,,,,,,0,999999999,spring,2026,https://myanimelist.net/anime/season/2026/spring,,True,mal_season_html_id_discovery,mal_html
64381,Osomatsu-san 4th Season  The Matsuno Ten,,,,,,0,999999999,spring,2026,https://myanimelist.net/anime/season/2026/spring,,True,mal_season_html_id_discovery,mal_html
63153,Hyakushou Kizoku 3rd Season Specials,,,,,,0,999999999,spring,2026,https://myanimelist.net/anime/season/2026/spring,,True,mal_season_html_id_discovery,mal_html
59978,Sousou no Frieren 2nd Season,,,,,,0,999999999,winter,2026,https://myanimelist.net/anime/season/2026/winter,,True,mal_season_html_id_discovery,mal_html
57658,Jujutsu Kaisen  Shimetsu Kaiyuu - Zenpen,,,,,,0,999999999,winter,2026,https://myanimelist.net/anime/season/2026/winter,,True,mal_season_html_id_discovery,mal_html
55825,Jigokuraku 2nd Season,,,,,,0,999999999,winter,2026,https://myanimelist.net/anime/season/2026/winter,,True,mal_season_html_id_discovery,mal_html
56009,Yuusha-kei ni Shosu  Choubatsu Yuusha 9004-tai Keimu Kiroku,,,,,,0,999999999,winter,2026,https://myanimelist.net/anime/season/2026/winter,,True,mal_season_html_id_discovery,mal_html
60058,Oshi no Ko 3rd Season,,,,,,0,999999999,winter,2026,https://myanimelist.net/anime/season/2026/winter,,True,mal_season_html_id_discovery,mal_html
60371,Seihantai na Kimi to Boku,,,,,,0,999999999,winter,2026,https://myanimelist.net/anime/season/2026/winter,,True,mal_season_html_id_discovery,mal_html
59229,Enen no Shouboutai  San no Shou Part 2,,,,,,0,999999999,winter,2026,https://myanimelist.net/anime/season/2026/winter,,True,mal_season_html_id_discovery,mal_html
55830,Fate strange Fake,,,,,,0,999999999,winter,2026,https://myanimelist.net/anime/season/2026/winter,,True,mal_season_html_id_discovery,mal_html
61128,Yuusha Party wo Oidasareta Kiyoubinbou,,,,,,0,999999999,winter,2026,https://myanimelist.net/anime/season/2026/winter,,True,mal_season_html_id_discovery,mal_html
58788,Ikoku Nikki,,,,,,0,999999999,winter,2026,https://myanimelist.net/anime/season/2026/winter,,True,mal_season_html_id_discovery,mal_html
58505,Mato Seihei no Slave 2,,,,,,0,999999999,winter,2026,https://myanimelist.net/anime/season/2026/winter,,True,mal_season_html_id_discovery,mal_html
59711,Shibou Yuugi de Meshi wo Kuu,,,,,,0,999999999,winter,2026,https://myanimelist.net/anime/season/2026/winter,,True,mal_season_html_id_discovery,mal_html
61983,Yuusha Party ni Kawaii Ko ga Ita node Kokuhaku shitemita,,,,,,0,999999999,winter,2026,https://myanimelist.net/anime/season/2026/winter,,True,mal_season_html_id_discovery,mal_html
59047,Tamon-kun Ima Docchi,,,,,,0,999999999,winter,2026,https://myanimelist.net/anime/season/2026/winter,,True,mal_season_html_id_discovery,mal_html
61942,Vigilante  Boku no Hero Academia Illegals 2nd Season,,,,,,0,999999999,winter,2026,https://myanimelist.net/anime/season/2026/winter,,True,mal_season_html_id_discovery,mal_html
61211,Mayonaka Heart Tune,,,,,,0,999999999,winter,2026,https://myanimelist.net/anime/season/2026/winter,,True,mal_season_html_id_discovery,mal_html
60460,Hell Mode  Yarikomizuki no Gamer wa Hai Settei no Isekai de Musou suru,,,,,,0,999999999,winter,2026,https://myanimelist.net/anime/season/2026/winter,,True,mal_season_html_id_discovery,mal_html
61663,Uruwashi no Yoi no Tsuki,,,,,,0,999999999,winter,2026,https://myanimelist.net/anime/season/2026/winter,,True,mal_season_html_id_discovery,mal_html
60692,Kizoku Tensei  Megumareta Umare kara Saikyou no Chikara wo Eru,,,,,,0,999999999,winter,2026,https://myanimelist.net/anime/season/2026/winter,,True,mal_season_html_id_discovery,mal_html
61549,Okiraku Ryoushu no Tanoshii Ryouchi Bouei  Seisankei Majutsu de Na mo Naki Mura wo Saikyou no Jousai Toshi ni,,,,,,0,999999999,winter,2026,https://myanimelist.net/anime/season/2026/winter,,True,mal_season_html_id_discovery,mal_html
60810,Majutsushi Kunon wa Mieteiru,,,,,,0,999999999,winter,2026,https://myanimelist.net/anime/season/2026/winter,,True,mal_season_html_id_discovery,mal_html
54863,Trigun Stargaze,,,,,,0,999999999,winter,2026,https://myanimelist.net/anime/season/2026/winter,,True,mal_season_html_id_discovery,mal_html
55772,Golden Kamuy  Saishuushou,,,,,,0,999999999,winter,2026,https://myanimelist.net/anime/season/2026/winter,,True,mal_season_html_id_discovery,mal_html
60151,Eris no Seihai,,,,,,0,999999999,winter,2026,https://myanimelist.net/anime/season/2026/winter,,True,mal_season_html_id_discovery,mal_html
60395,Toumei Otoko to Ningen Onna  Sonouchi Fuufu ni Naru Futari,,,,,,0,999999999,winter,2026,https://myanimelist.net/anime/season/2026/winter,,True,mal_season_html_id_discovery,mal_html
60223,Kaya-chan wa Kowakunai,,,,,,0,999999999,winter,2026,https://myanimelist.net/anime/season/2026/winter,,True,mal_season_html_id_discovery,mal_html
60226,Isekai no Sata wa Shachiku Shidai,,,,,,0,999999999,winter,2026,https://myanimelist.net/anime/season/2026/winter,,True,mal_season_html_id_discovery,mal_html
61587,Omae Gotoki ga Maou ni Kateru to Omouna to Yuusha Party wo Tsuihou sareta node Outo de Kimama ni Kurashitai,,,,,,0,999999999,winter,2026,https://myanimelist.net/anime/season/2026/winter,,True,mal_season_html_id_discovery,mal_html
62000,Akuyaku Reijou wa Ringoku no Outaishi ni Dekiai sareru,,,,,,0,999999999,winter,2026,https://myanimelist.net/anime/season/2026/winter,,True,mal_season_html_id_discovery,mal_html
61359,Osananajimi to wa Love Comedy ni Naranai,,,,,,0,999999999,winter,2026,https://myanimelist.net/anime/season/2026/winter,,True,mal_season_html_id_discovery,mal_html
61207,Tensei shitara Dragon no Tamago datta,,,,,,0,999999999,winter,2026,https://myanimelist.net/anime/season/2026/winter,,True,mal_season_html_id_discovery,mal_html
61196,Dead Account,,,,,,0,999999999,winter,2026,https://myanimelist.net/anime/season/2026/winter,,True,mal_season_html_id_discovery,mal_html
61884,Maou no Musume wa Yasashisugiru,,,,,,0,999999999,winter,2026,https://myanimelist.net/anime/season/2026/winter,,True,mal_season_html_id_discovery,mal_html
58886,Darwin Jihen,,,,,,0,999999999,winter,2026,https://myanimelist.net/anime/season/2026/winter,,True,mal_season_html_id_discovery,mal_html
61637,29-sai Dokushin Chuuken Boukensha no Nichijou,,,,,,0,999999999,winter,2026,https://myanimelist.net/anime/season/2026/winter,,True,mal_season_html_id_discovery,mal_html
61782,Kirei ni Shitemoraemasu ka,,,,,,0,999999999,winter,2026,https://myanimelist.net/anime/season/2026/winter,,True,mal_season_html_id_discovery,mal_html
61335,Medalist 2nd Season,,,,,,0,999999999,winter,2026,https://myanimelist.net/anime/season/2026/winter,,True,mal_season_html_id_discovery,mal_html
58861,Hanazakari no Kimitachi e,,,,,,0,999999999,winter,2026,https://myanimelist.net/anime/season/2026/winter,,True,mal_season_html_id_discovery,mal_html
60509,Champignon no Majo,,,,,,0,999999999,winter,2026,https://myanimelist.net/anime/season/2026/winter,,True,mal_season_html_id_discovery,mal_html
60071,Odayaka Kizoku no Kyuuka no Susume,,,,,,0,999999999,winter,2026,https://myanimelist.net/anime/season/2026/winter,,True,mal_season_html_id_discovery,mal_html
59853,Dark Moon  Tsuki no Saidan,,,,,,0,999999999,winter,2026,https://myanimelist.net/anime/season/2026/winter,,True,mal_season_html_id_discovery,mal_html
60602,MF Ghost 3rd Season,,,,,,0,999999999,winter,2026,https://myanimelist.net/anime/season/2026/winter,,True,mal_season_html_id_discovery,mal_html
62432,Jingai Kyoushitsu no Ningengirai Kyoushi,,,,,,0,999999999,winter,2026,https://myanimelist.net/anime/season/2026/winter,,True,mal_season_html_id_discovery,mal_html
58524,Himesama Goumon no Jikan desu 2nd Season,,,,,,0,999999999,winter,2026,https://myanimelist.net/anime/season/2026/winter,,True,mal_season_html_id_discovery,mal_html
60255,Arne no Jikenbo,,,,,,0,999999999,winter,2026,https://myanimelist.net/anime/season/2026/winter,,True,mal_season_html_id_discovery,mal_html
61886,Goumon Baito-kun no Nichijou,,,,,,0,999999999,winter,2026,https://myanimelist.net/anime/season/2026/winter,,True,mal_season_html_id_discovery,mal_html
61694,Android wa Keiken Ninzuu ni Hairimasu ka,,,,,,0,999999999,winter,2026,https://myanimelist.net/anime/season/2026/winter,,True,mal_season_html_id_discovery,mal_html
61325,Douse Koishite Shimaunda 2nd Season,,,,,,0,999999999,winter,2026,https://myanimelist.net/anime/season/2026/winter,,True,mal_season_html_id_discovery,mal_html
61333,Ao no Miburo  Serizawa Ansatsu-hen,,,,,,0,999999999,winter,2026,https://myanimelist.net/anime/season/2026/winter,,True,mal_season_html_id_discovery,mal_html
61608,Jigoku Sensei Nube 2025 Part 2,,,,,,0,999999999,winter,2026,https://myanimelist.net/anime/season/2026/winter,,True,mal_season_html_id_discovery,mal_html
61830,Yoroi Shin Den Samurai Troopers,,,,,,0,999999999,winter,2026,https://myanimelist.net/anime/season/2026/winter,,True,mal_season_html_id_discovery,mal_html
61084,Hikuidori  Ushuu Boro Tobi-gumi,,,,,,0,999999999,winter,2026,https://myanimelist.net/anime/season/2026/winter,,True,mal_season_html_id_discovery,mal_html
61969,Saioshi no Gikei wo Mederu Tame Nagaiki shimasu,,,,,,0,999999999,winter,2026,https://myanimelist.net/anime/season/2026/winter,,True,mal_season_html_id_discovery,mal_html
62804,High School Kimengumi 2026,,,,,,0,999999999,winter,2026,https://myanimelist.net/anime/season/2026/winter,,True,mal_season_html_id_discovery,mal_html
62864,Omae wa Mada Gunma wo Shiranai  Reiwa-ban,,,,,,0,999999999,winter,2026,https://myanimelist.net/anime/season/2026/winter,,True,mal_season_html_id_discovery,mal_html
63087,Yami Shibai 16,,,,,,0,999999999,winter,2026,https://myanimelist.net/anime/season/2026/winter,,True,mal_season_html_id_discovery,mal_html
62987,Hokuto no Ken  Kenougun Zako-tachi no Banka,,,,,,0,999999999,winter,2026,https://myanimelist.net/anime/season/2026/winter,,True,mal_season_html_id_discovery,mal_html
62521,Kanagawa ni Sunderu Elf,,,,,,0,999999999,winter,2026,https://myanimelist.net/anime/season/2026/winter,,True,mal_season_html_id_discovery,mal_html
62649,Cardfight Vanguard  Divinez Genma Seisen-hen,,,,,,0,999999999,winter,2026,https://myanimelist.net/anime/season/2026/winter,,True,mal_season_html_id_discovery,mal_html
63106,Hoppe-chan  Sun Oukoku to Kuro Hoppe-dan no Himitsu,,,,,,0,999999999,winter,2026,https://myanimelist.net/anime/season/2026/winter,,True,mal_season_html_id_discovery,mal_html
63216,Gelpiyo,,,,,,0,999999999,winter,2026,https://myanimelist.net/anime/season/2026/winter,,True,mal_season_html_id_discovery,mal_html
63428,Xi Yangyang Yu Hui Tailang  Gu Guguai Jie You Guguai,,,,,,0,999999999,winter,2026,https://myanimelist.net/anime/season/2026/winter,,True,mal_season_html_id_discovery,mal_html
63426,Xiong Chumo  Xiongxiong Bang Bang Tuan 4,,,,,,0,999999999,winter,2026,https://myanimelist.net/anime/season/2026/winter,,True,mal_season_html_id_discovery,mal_html
54703,Fumetsu no Anata e Season 3,,,,,,0,999999999,winter,2026,https://myanimelist.net/anime/season/2026/winter,,True,mal_season_html_id_discovery,mal_html
59517,Chitose-kun wa Ramune Bin no Naka,,,,,,0,999999999,winter,2026,https://myanimelist.net/anime/season/2026/winter,,True,mal_season_html_id_discovery,mal_html
61159,Toujima Tanzaburou wa Kamen Rider ni Naritai,,,,,,0,999999999,winter,2026,https://myanimelist.net/anime/season/2026/winter,,True,mal_season_html_id_discovery,mal_html
60427,Gnosia,,,,,,0,999999999,winter,2026,https://myanimelist.net/anime/season/2026/winter,,True,mal_season_html_id_discovery,mal_html
56877,Ao no Orchestra Season 2,,,,,,0,999999999,winter,2026,https://myanimelist.net/anime/season/2026/winter,,True,mal_season_html_id_discovery,mal_html
62126,SI-VIS  The Sound of Heroes,,,,,,0,999999999,winter,2026,https://myanimelist.net/anime/season/2026/winter,,True,mal_season_html_id_discovery,mal_html
62378,Ganglion,,,,,,0,999999999,winter,2026,https://myanimelist.net/anime/season/2026/winter,,True,mal_season_html_id_discovery,mal_html
59078,Princession Orchestra,,,,,,0,999999999,winter,2026,https://myanimelist.net/anime/season/2026/winter,,True,mal_season_html_id_discovery,mal_html
61092,Himitsu no AiPri  Ring-hen,,,,,,0,999999999,winter,2026,https://myanimelist.net/anime/season/2026/winter,,True,mal_season_html_id_discovery,mal_html
60070,Kaijuu Sekai Seifuku TV,,,,,,0,999999999,winter,2026,https://myanimelist.net/anime/season/2026/winter,,True,mal_season_html_id_discovery,mal_html
60947,Nmeneko,,,,,,0,999999999,winter,2026,https://myanimelist.net/anime/season/2026/winter,,True,mal_season_html_id_discovery,mal_html
60983,Kagaku x Bouken Survival 2nd Season,,,,,,0,999999999,winter,2026,https://myanimelist.net/anime/season/2026/winter,,True,mal_season_html_id_discovery,mal_html
59732,Pochars,,,,,,0,999999999,winter,2026,https://myanimelist.net/anime/season/2026/winter,,True,mal_season_html_id_discovery,mal_html
61765,Chibi Godzilla no Gyakushuu 3rd Season,,,,,,0,999999999,winter,2026,https://myanimelist.net/anime/season/2026/winter,,True,mal_season_html_id_discovery,mal_html
62231,Jochum Season 2,,,,,,0,999999999,winter,2026,https://myanimelist.net/anime/season/2026/winter,,True,mal_season_html_id_discovery,mal_html
60596,Sai-Kyo-Oh Zukan  The Ultimate Tournament,,,,,,0,999999999,winter,2026,https://myanimelist.net/anime/season/2026/winter,,True,mal_season_html_id_discovery,mal_html
62523,Uso Tantei Tomanto,,,,,,0,999999999,winter,2026,https://myanimelist.net/anime/season/2026/winter,,True,mal_season_html_id_discovery,mal_html
62083,Tomica to Tom TV,,,,,,0,999999999,winter,2026,https://myanimelist.net/anime/season/2026/winter,,True,mal_season_html_id_discovery,mal_html
62896,Chou Kaguya-hime,,,,,,0,999999999,winter,2026,https://myanimelist.net/anime/season/2026/winter,,True,mal_season_html_id_discovery,mal_html
63019,Prism Rondo,,,,,,0,999999999,winter,2026,https://myanimelist.net/anime/season/2026/winter,,True,mal_season_html_id_discovery,mal_html
61114,Beastars Final Season Part 2,,,,,,0,999999999,winter,2026,https://myanimelist.net/anime/season/2026/winter,,True,mal_season_html_id_discovery,mal_html
58573,Baki-dou,,,,,,0,999999999,winter,2026,https://myanimelist.net/anime/season/2026/winter,,True,mal_season_html_id_discovery,mal_html
60560,Xian Wang de Richang Shenghuo 5,,,,,,0,999999999,winter,2026,https://myanimelist.net/anime/season/2026/winter,,True,mal_season_html_id_discovery,mal_html
60988,Tian Guan Cifu Short Films,,,,,,0,999999999,winter,2026,https://myanimelist.net/anime/season/2026/winter,,True,mal_season_html_id_discovery,mal_html
54697,Terror Man,,,,,,0,999999999,winter,2026,https://myanimelist.net/anime/season/2026/winter,,True,mal_season_html_id_discovery,mal_html
62897,Ichigo Aika  Zatsu de Namaiki na Imouto to Warikirenai Ani,,,,,,0,999999999,winter,2026,https://myanimelist.net/anime/season/2026/winter,,True,mal_season_html_id_discovery,mal_html
62246,Yi Ren Zhi Xia 6,,,,,,0,999999999,winter,2026,https://myanimelist.net/anime/season/2026/winter,,True,mal_season_html_id_discovery,mal_html
60587,Yu Ling Shi,,,,,,0,999999999,winter,2026,https://myanimelist.net/anime/season/2026/winter,,True,mal_season_html_id_discovery,mal_html
63396,Oneechan Gokko,,,,,,0,999999999,winter,2026,https://myanimelist.net/anime/season/2026/winter,,True,mal_season_html_id_discovery,mal_html
63533,Huhuan Shaonu Special  Xiang Zuo de Shi Daodi Shi Shenme,,,,,,0,999999999,winter,2026,https://myanimelist.net/anime/season/2026/winter,,True,mal_season_html_id_discovery,mal_html
63414,Luca,,,,,,0,999999999,winter,2026,https://myanimelist.net/anime/season/2026/winter,,True,mal_season_html_id_discovery,mal_html
62618,Tian Xiang,,,,,,0,999999999,winter,2026,https://myanimelist.net/anime/season/2026/winter,,True,mal_season_html_id_discovery,mal_html
62708,Shanhai Jing Mima,,,,,,0,999999999,winter,2026,https://myanimelist.net/anime/season/2026/winter,,True,mal_season_html_id_discovery,mal_html
62280,Xiuluo Wushen 2,,,,,,0,999999999,winter,2026,https://myanimelist.net/anime/season/2026/winter,,True,mal_season_html_id_discovery,mal_html
61119,Duel Masters LOST  Boukyaku no Taiyou,,,,,,0,999999999,winter,2026,https://myanimelist.net/anime/season/2026/winter,,True,mal_season_html_id_discovery,mal_html
62955,You Shou Yan 5th Season,,,,,,0,999999999,winter,2026,https://myanimelist.net/anime/season/2026/winter,,True,mal_season_html_id_discovery,mal_html
60569,Zhongguo Qi Tan 2,,,,,,0,999999999,winter,2026,https://myanimelist.net/anime/season/2026/winter,,True,mal_season_html_id_discovery,mal_html
63360,Shishang Zui Qiang Lian Ti Lao Zu,,,,,,0,999999999,winter,2026,https://myanimelist.net/anime/season/2026/winter,,True,mal_season_html_id_discovery,mal_html
63558,The Horrors Horror Home,,,,,,0,999999999,winter,2026,https://myanimelist.net/anime/season/2026/winter,,True,mal_season_html_id_discovery,mal_html
63595,Cang Yuan Tu Qianzhuan  Dongning Fu de Xiatian,,,,,,0,999999999,winter,2026,https://myanimelist.net/anime/season/2026/winter,,True,mal_season_html_id_discovery,mal_html
64008,Yani Neko Mini Anime,,,,,,0,999999999,winter,2026,https://myanimelist.net/anime/season/2026/winter,,True,mal_season_html_id_discovery,mal_html
63497,Guonian Zhe Lianmeng  Xinchun Saima,,,,,,0,999999999,winter,2026,https://myanimelist.net/anime/season/2026/winter,,True,mal_season_html_id_discovery,mal_html
63222,Noto Hantou Fukkou Ouen Kikaku,,,,,,0,999999999,winter,2026,https://myanimelist.net/anime/season/2026/winter,,True,mal_season_html_id_discovery,mal_html
63416,Long Po Jiutian,,,,,,0,999999999,winter,2026,https://myanimelist.net/anime/season/2026/winter,,True,mal_season_html_id_discovery,mal_html
63773,PetitCure  Precure Fairies Season 3,,,,,,0,999999999,winter,2026,https://myanimelist.net/anime/season/2026/winter,,True,mal_season_html_id_discovery,mal_html
63485,Xiuxian Zhe Dazhan Chaonengli,,,,,,0,999999999,winter,2026,https://myanimelist.net/anime/season/2026/winter,,True,mal_season_html_id_discovery,mal_html
63567,Garou Densetsu  CotW - Nightmare Geese,,,,,,0,999999999,winter,2026,https://myanimelist.net/anime/season/2026/winter,,True,mal_season_html_id_discovery,mal_html
63427,Tang Zhi Zhi Yi,,,,,,0,999999999,winter,2026,https://myanimelist.net/anime/season/2026/winter,,True,mal_season_html_id_discovery,mal_html
63411,Fukufuku no Chizu,,,,,,0,999999999,winter,2026,https://myanimelist.net/anime/season/2026/winter,,True,mal_season_html_id_discovery,mal_html
63275,Black Jack Yanen,,,,,,0,999999999,winter,2026,https://myanimelist.net/anime/season/2026/winter,,True,mal_season_html_id_discovery,mal_html
63373,Bao Ke Meng Donghua Tujian  Zhuanshun Binfen,,,,,,0,999999999,winter,2026,https://myanimelist.net/anime/season/2026/winter,,True,mal_season_html_id_discovery,mal_html
63200,Himitsukessha Taka no Tsume XX,,,,,,0,999999999,winter,2026,https://myanimelist.net/anime/season/2026/winter,,True,mal_season_html_id_discovery,mal_html
63415,Lele Bianlidian,,,,,,0,999999999,winter,2026,https://myanimelist.net/anime/season/2026/winter,,True,mal_season_html_id_discovery,mal_html
63976,Shibuya♡Hachi Part 4  Hachi to Shibuya wo Arukou,,,,,,0,999999999,winter,2026,https://myanimelist.net/anime/season/2026/winter,,True,mal_season_html_id_discovery,mal_html
63896,Tokusou Gattai Robo Jobraver  Gyakushuu no Joker,,,,,,0,999999999,winter,2026,https://myanimelist.net/anime/season/2026/winter,,True,mal_season_html_id_discovery,mal_html
64538,Welcome to Sucre Town,,,,,,0,999999999,winter,2026,https://myanimelist.net/anime/season/2026/winter,,True,mal_season_html_id_discovery,mal_html
61599,Boku no Risou no Isekai Seikatsu,,,,,,0,999999999,winter,2026,https://myanimelist.net/anime/season/2026/winter,,True,mal_season_html_id_discovery,mal_html
62686,Seifuku wa Kita mama de,,,,,,0,999999999,winter,2026,https://myanimelist.net/anime/season/2026/winter,,True,mal_season_html_id_discovery,mal_html
63074,Mou Ichido Shitemitai,,,,,,0,999999999,winter,2026,https://myanimelist.net/anime/season/2026/winter,,True,mal_season_html_id_discovery,mal_html
63159,Anal Mania Otaku to Ananii Daisuki na Ojou-sama,,,,,,0,999999999,winter,2026,https://myanimelist.net/anime/season/2026/winter,,True,mal_season_html_id_discovery,mal_html
63158,Hebi to Kumo,,,,,,0,999999999,winter,2026,https://myanimelist.net/anime/season/2026/winter,,True,mal_season_html_id_discovery,mal_html
63026,Kenki Virgo,,,,,,0,999999999,winter,2026,https://myanimelist.net/anime/season/2026/winter,,True,mal_season_html_id_discovery,mal_html
61156,The iDOLMSTER Million Live Itsuka Mannaka de,,,,,,0,999999999,winter,2026,https://myanimelist.net/anime/season/2026/winter,,True,mal_season_html_id_discovery,mal_html
63027,Lamour fou de lautomate,,,,,,0,999999999,winter,2026,https://myanimelist.net/anime/season/2026/winter,,True,mal_season_html_id_discovery,mal_html
63232,Phantom Alchemia  Silvia no Dokidoki Sakusei Toshi Keikaku,,,,,,0,999999999,winter,2026,https://myanimelist.net/anime/season/2026/winter,,True,mal_season_html_id_discovery,mal_html
63084,Seikou Senki Pony Celes,,,,,,0,999999999,winter,2026,https://myanimelist.net/anime/season/2026/winter,,True,mal_season_html_id_discovery,mal_html
59971,Tensei shitara Slime Datta Ken Movie 2  Soukai no Namida-hen,,,,,,0,999999999,winter,2026,https://myanimelist.net/anime/season/2026/winter,,True,mal_season_html_id_discovery,mal_html
59985,Boku no Kokoro no Yabai Yatsu Movie,,,,,,0,999999999,winter,2026,https://myanimelist.net/anime/season/2026/winter,,True,mal_season_html_id_discovery,mal_html
62421,Ansatsu Kyoushitsu Movie  Minna no Jikan,,,,,,0,999999999,winter,2026,https://myanimelist.net/anime/season/2026/winter,,True,mal_season_html_id_discovery,mal_html
61192,All You Need Is Kill,,,,,,0,999999999,winter,2026,https://myanimelist.net/anime/season/2026/winter,,True,mal_season_html_id_discovery,mal_html
38716,Kidou Senshi Gundam  Senkou no Hathaway - Circe no Majo,,,,,,0,999999999,winter,2026,https://myanimelist.net/anime/season/2026/winter,,True,mal_season_html_id_discovery,mal_html
62277,Gintama Movie 3  Yoshiwara Daienjou,,,,,,0,999999999,winter,2026,https://myanimelist.net/anime/season/2026/winter,,True,mal_season_html_id_discovery,mal_html
58735,Hanarokushou ga Akeru Hi ni,,,,,,0,999999999,winter,2026,https://myanimelist.net/anime/season/2026/winter,,True,mal_season_html_id_discovery,mal_html
62193,Paris ni Saku Etoile,,,,,,0,999999999,winter,2026,https://myanimelist.net/anime/season/2026/winter,,True,mal_season_html_id_discovery,mal_html
61418,Kusunoki no Bannin,,,,,,0,999999999,winter,2026,https://myanimelist.net/anime/season/2026/winter,,True,mal_season_html_id_discovery,mal_html
62518,Ginga Tokkyuu Milky☆Subway Movie  Kakueki Teisha Gekijou Yuki,,,,,,0,999999999,winter,2026,https://myanimelist.net/anime/season/2026/winter,,True,mal_season_html_id_discovery,mal_html
61964,Meikyuu no Shiori,,,,,,0,999999999,winter,2026,https://myanimelist.net/anime/season/2026/winter,,True,mal_season_html_id_discovery,mal_html
61492,Entotsu Machi no Poupelle  Yakusoku no Tokei-dai,,,,,,0,999999999,winter,2026,https://myanimelist.net/anime/season/2026/winter,,True,mal_season_html_id_discovery,mal_html
62508,Doraemon Movie 45  Shin Nobita no Kaitei Kiganjou,,,,,,0,999999999,winter,2026,https://myanimelist.net/anime/season/2026/winter,,True,mal_season_html_id_discovery,mal_html
62157,Gwang-jang,,,,,,0,999999999,winter,2026,https://myanimelist.net/anime/season/2026/winter,,True,mal_season_html_id_discovery,mal_html
63033,Himitsu no AiPri Movie  Mankai Buzzlume Live,,,,,,0,999999999,winter,2026,https://myanimelist.net/anime/season/2026/winter,,True,mal_season_html_id_discovery,mal_html
62690,Oshirimae Man  Fukkatsu no Oshirimae Teikoku,,,,,,0,999999999,winter,2026,https://myanimelist.net/anime/season/2026/winter,,True,mal_season_html_id_discovery,mal_html
63827,AnimeJapan Awards 2026,,,,,,0,999999999,winter,2026,https://myanimelist.net/anime/season/2026/winter,,True,mal_season_html_id_discovery,mal_html
63739,Moshi Korekara Umareru no Nara,,,,,,0,999999999,winter,2026,https://myanimelist.net/anime/season/2026/winter,,True,mal_season_html_id_discovery,mal_html
63317,Sinbi Apartment 10-junyeon Geugjangpan  Han Beon Deo Sohwan,,,,,,0,999999999,winter,2026,https://myanimelist.net/anime/season/2026/winter,,True,mal_season_html_id_discovery,mal_html
63425,Xiong Chumo  Niannian You Xiong,,,,,,0,999999999,winter,2026,https://myanimelist.net/anime/season/2026/winter,,True,mal_season_html_id_discovery,mal_html
56906,Isekai de Cheat Skill wo Te ni Shita Ore wa Genjitsu Sekai wo mo Musou Suru  Level Up wa Jinsei wo Kaeta TV Special,,,,,,0,999999999,winter,2026,https://myanimelist.net/anime/season/2026/winter,,True,mal_season_html_id_discovery,mal_html
62543,Watashi ga Koibito ni Nareru Wake Nai jan Muri Muri ※Muri ja Nakatta TV Special,,,,,,0,999999999,winter,2026,https://myanimelist.net/anime/season/2026/winter,,True,mal_season_html_id_discovery,mal_html
63392,Evangelion  Housou 30-shuunen Kinen Tokubetsu Kougyou,,,,,,0,999999999,winter,2026,https://myanimelist.net/anime/season/2026/winter,,True,mal_season_html_id_discovery,mal_html
60294,Tensui no Sakuna-hime  Kokorowa Inasaku Nisshi,,,,,,0,999999999,winter,2026,https://myanimelist.net/anime/season/2026/winter,,True,mal_season_html_id_discovery,mal_html
63504,Princess Principal  Crown Handler 4 - Fabulous Platypus,,,,,,0,999999999,winter,2026,https://myanimelist.net/anime/season/2026/winter,,True,mal_season_html_id_discovery,mal_html
63806,Fate Grand Order  Fujimaru Ritsuka wa Wakaranai Season 3 Specials,,,,,,0,999999999,winter,2026,https://myanimelist.net/anime/season/2026/winter,,True,mal_season_html_id_discovery,mal_html
63334,Koupen-chan  Shinshun Special Kanzenban,,,,,,0,999999999,winter,2026,https://myanimelist.net/anime/season/2026/winter,,True,mal_season_html_id_discovery,mal_html
