user_level,method,evaluated_users,median_profile_size,hit_rate_at_12,recall_at_12,ndcg_at_12,map_at_12,mean_reciprocal_rank,median_rank,mean_rank
Beginner,advanced_split_item_knn,2844,28.0,0.8231364275668073,0.8231364275668073,0.6050370405240378,0.5371353808326382,0.5433614752001501,2.0,9.816455696202532
Beginner,advanced_split_latent_svd,2844,28.0,0.9360056258790436,0.9360056258790436,0.7726925148911707,0.7200353951408804,0.7218406223485282,1.0,5.775316455696203
Beginner,advanced_split_level_tuned_hybrid,2844,28.0,0.9574542897327707,0.9574542897327707,0.7913034272472078,0.7375502691167248,0.7394382418524438,1.0,3.2570323488045005
Beginner,advanced_split_popularity_baseline,2844,28.0,0.8737693389592124,0.8737693389592124,0.5962896171630894,0.5103301829831366,0.5165131929925965,2.0,5.956047819971871
Beginner,catboost_yetirank,2844,28.0,0.9676511954992968,0.9676511954992968,0.8070622542944158,0.7553136346385292,0.756970219369458,1.0,2.6357243319268635
Beginner,gbdt_signal_reranker,2844,28.0,0.9672995780590717,0.9672995780590717,0.8052627222564885,0.7531272134647663,0.7547869675625944,1.0,2.678621659634318
Beginner,implicit_als_cf,2844,28.0,0.9437412095639943,0.9437412095639943,0.8068375639265509,0.7623746887196254,0.7641926264506144,1.0,4.688818565400844
Beginner,lightgbm_lambdarank,2844,28.0,0.969760900140647,0.969760900140647,0.806558234274916,0.7539907945234949,0.7554686963610912,1.0,2.6434599156118144
Beginner,neural_mlp_reranker,2844,28.0,0.9718706047819972,0.9718706047819972,0.8091961848671516,0.7568073237904461,0.758150747544415,1.0,2.571026722925457
Beginner,pointwise_logistic_reranker,2844,28.0,0.9687060478199718,0.9687060478199718,0.8094598436968257,0.7579788364862204,0.7594787140111829,1.0,2.6322081575246132
Beginner,torch_feature_mlp_reranker,2844,28.0,0.9718706047819972,0.9718706047819972,0.8092683424824223,0.7570621956961618,0.7584197725036677,1.0,2.5780590717299576
Beginner,torch_two_tower_cf,2844,28.0,0.12834036568213783,0.12834036568213783,0.06829871438755575,0.05130694629639777,0.07365219187314921,44.5,46.06786216596343
Beginner,xgboost_pairwise_ranker,2844,28.0,0.9708157524613221,0.9708157524613221,0.806747062257272,0.7539371766692442,0.755370599320937,1.0,2.6367791842475388
Casual,advanced_split_item_knn,5520,95.0,0.7713768115942029,0.7713768115942029,0.5062746725750407,0.42468824502791896,0.43298995405987056,4.0,11.819384057971014
Casual,advanced_split_latent_svd,5520,95.0,0.9519927536231884,0.9519927536231884,0.7689023914432066,0.7101962298973169,0.7120214130058543,1.0,4.1951086956521735
Casual,advanced_split_level_tuned_hybrid,5520,95.0,0.970108695652174,0.970108695652174,0.7823822963212116,0.7220948093774181,0.7234767897187381,1.0,2.981702898550725
Casual,advanced_split_popularity_baseline,5520,95.0,0.8541666666666666,0.8541666666666666,0.5718443461019571,0.4844129114645419,0.491500784502551,3.0,6.403079710144928
Casual,catboost_yetirank,5520,95.0,0.9739130434782609,0.9739130434782609,0.7917817785344248,0.7330371912708868,0.7343376101307015,1.0,2.6170289855072464
Casual,gbdt_signal_reranker,5520,95.0,0.9733695652173913,0.9733695652173913,0.7898696119977747,0.7307759792542401,0.7321273020195986,1.0,2.630253623188406
Casual,implicit_als_cf,5520,95.0,0.9684782608695652,0.9684782608695652,0.8051007723796939,0.7521698676725851,0.7533382353928059,1.0,3.3152173913043477
Casual,lightgbm_lambdarank,5520,95.0,0.9757246376811595,0.9757246376811595,0.7914498626152967,0.7321477521069912,0.7333520153636673,1.0,2.5882246376811593
Casual,neural_mlp_reranker,5520,95.0,0.9744565217391304,0.9744565217391304,0.7915852409651354,0.7328101211389254,0.7341257493312278,1.0,2.601086956521739
Casual,pointwise_logistic_reranker,5520,95.0,0.9740942028985508,0.9740942028985508,0.7861616119868825,0.7257748878536923,0.7270541169757802,1.0,2.673731884057971
Casual,torch_feature_mlp_reranker,5520,95.0,0.9740942028985508,0.9740942028985508,0.7920609167352164,0.7333931250914947,0.7347259145346735,1.0,2.5831521739130436
Casual,torch_two_tower_cf,5520,95.0,0.12355072463768116,0.12355072463768116,0.06542000862394294,0.04916977094966225,0.07127973273602789,46.0,47.142753623188405
Casual,xgboost_pairwise_ranker,5520,95.0,0.9751811594202898,0.9751811594202898,0.791247894331162,0.7319390985423594,0.7331955859634183,1.0,2.576630434782609
Fan,advanced_split_item_knn,6234,248.0,0.5819698427975618,0.5819698427975618,0.34200059658496057,0.2695394871766383,0.28391959303417486,8.0,20.34520372152711
Fan,advanced_split_latent_svd,6234,248.0,0.9380814886108437,0.9380814886108437,0.7221151430471331,0.6539148705534653,0.6566429570250959,1.0,4.451235162014758
Fan,advanced_split_level_tuned_hybrid,6234,248.0,0.9554058389477061,0.9554058389477061,0.7238753992237258,0.6506039761934853,0.6528726504170493,1.0,3.5046519088867503
Fan,advanced_split_popularity_baseline,6234,248.0,0.8152069297401348,0.8152069297401348,0.51379426572725,0.42176567684267396,0.43054478399391427,4.0,7.808790503689445
Fan,catboost_yetirank,6234,248.0,0.957972409367982,0.957972409367982,0.738259868500615,0.6685362898428346,0.6707092941123841,1.0,3.262592236124479
Fan,gbdt_signal_reranker,6234,248.0,0.9566891241578441,0.9566891241578441,0.7360724265974123,0.6661005883575662,0.668376923219693,1.0,3.284247674045557
Fan,implicit_als_cf,6234,248.0,0.9536413217837665,0.9536413217837665,0.7483149122328963,0.6826725884353411,0.6849158959280081,1.0,3.5266281681103626
Fan,lightgbm_lambdarank,6234,248.0,0.9562078922040423,0.9562078922040423,0.7321684495113105,0.6609789343547764,0.6633314253175596,1.0,3.2670837343599617
Fan,neural_mlp_reranker,6234,248.0,0.958614051973051,0.958614051973051,0.7384832105767867,0.6687534923458889,0.6709880582987716,1.0,3.2112608277189607
Fan,pointwise_logistic_reranker,6234,248.0,0.9538017324350336,0.9538017324350336,0.7195685502854374,0.6450314478947781,0.6473509950860574,2.0,3.433750401026628
Fan,torch_feature_mlp_reranker,6234,248.0,0.9576515880654476,0.9576515880654476,0.735998173284389,0.6655741613393202,0.667857636015454,1.0,3.221527109400064
Fan,torch_two_tower_cf,6234,248.0,0.12351620147577799,0.12351620147577799,0.06057352086614854,0.04290604727322725,0.06489675558298268,46.0,47.4084055181264
Fan,xgboost_pairwise_ranker,6234,248.0,0.957972409367982,0.957972409367982,0.737575542047727,0.6676649336298037,0.6699085629813168,1.0,3.2213666987487968
Veteran,advanced_split_item_knn,1240,675.0,0.32741935483870965,0.32741935483870965,0.18354894380308953,0.14074209840338872,0.15778139561942275,30.5,40.25967741935484
Veteran,advanced_split_latent_svd,1240,675.0,0.8725806451612903,0.8725806451612903,0.6230990789682938,0.5462248347530605,0.5522338332131415,2.0,6.178225806451613
Veteran,advanced_split_level_tuned_hybrid,1240,675.0,0.8870967741935484,0.8870967741935484,0.6200959933311169,0.5377591293115487,0.5429852699553447,2.0,5.958870967741936
Veteran,advanced_split_popularity_baseline,1240,675.0,0.7201612903225807,0.7201612903225807,0.41652173620453575,0.3249411162314388,0.33722916352422055,6.0,11.073387096774194
Veteran,catboost_yetirank,1240,675.0,0.9024193548387097,0.9024193548387097,0.6329559136269931,0.5496020981706465,0.554363945235371,2.0,5.262096774193548
Veteran,gbdt_signal_reranker,1240,675.0,0.9,0.9,0.6292450862430572,0.5457117837359773,0.5507144574302788,2.0,5.320161290322581
Veteran,implicit_als_cf,1240,675.0,0.9129032258064517,0.9129032258064517,0.6351656240122424,0.548674853372434,0.5528269172457704,2.0,5.056451612903226
Veteran,lightgbm_lambdarank,1240,675.0,0.8991935483870968,0.8991935483870968,0.6193938573966257,0.5328908904715356,0.5379036980277304,2.0,5.357258064516129
Veteran,neural_mlp_reranker,1240,675.0,0.896774193548387,0.896774193548387,0.632218360683658,0.5502994809849648,0.5555282834021604,2.0,5.305645161290323
Veteran,pointwise_logistic_reranker,1240,675.0,0.8887096774193548,0.8887096774193548,0.5997964987067064,0.5103682562956756,0.5157943958825886,2.0,5.662903225806452
Veteran,torch_feature_mlp_reranker,1240,675.0,0.8991935483870968,0.8991935483870968,0.6289854370037712,0.5453551354559418,0.5504653001457399,2.0,5.262096774193548
Veteran,torch_two_tower_cf,1240,675.0,0.1443548387096774,0.1443548387096774,0.07121255520543651,0.050367616254713025,0.0711025731543473,46.0,47.583064516129035
Veteran,xgboost_pairwise_ranker,1240,675.0,0.8991935483870968,0.8991935483870968,0.6343596585270254,0.5526039193781129,0.5576368393633391,2.0,5.283064516129032
