model,family,objective,architecture_or_layers,input_features,advanced_train_cases,advanced_eval_cases,product_row_k,candidate_pool_negatives_per_user,feature_groups
pointwise_logistic_reranker,base learned reranker,balanced pointwise classification of held-out liked item vs sampled negatives,"LogisticRegression(max_iter=500, class_weight=balanced)","17 candidate features: latent_svd, item_knn_collaborative, popularity, metadata_content, graph_related, people_staff_affinity, svd_popularity_agreement, metadata_graph_agreement, people_graph_agreement, full_product_hybrid, tuned_product_hybrid, level_tuned_product_hybrid, profile_size_log, is_beginner, is_casual, is_fan, is_veteran",23756,23756,12,200,collaborative + popularity + metadata + graph + people/staff + profile-band flags
gbdt_signal_reranker,tree learned reranker,pointwise classification over component scores and profile features,"HistGradientBoostingClassifier(max_iter=260, learning_rate=0.045, max_leaf_nodes=31)","17 candidate features: latent_svd, item_knn_collaborative, popularity, metadata_content, graph_related, people_staff_affinity, svd_popularity_agreement, metadata_graph_agreement, people_graph_agreement, full_product_hybrid, tuned_product_hybrid, level_tuned_product_hybrid, profile_size_log, is_beginner, is_casual, is_fan, is_veteran",23756,23756,12,200,collaborative + popularity + metadata + graph + people/staff + profile-band flags
neural_mlp_reranker,neural learned reranker,pointwise classification over scaled component features,"MLPClassifier(hidden_layer_sizes=(128,64,32), early_stopping=True, max_iter=80)","17 candidate features: latent_svd, item_knn_collaborative, popularity, metadata_content, graph_related, people_staff_affinity, svd_popularity_agreement, metadata_graph_agreement, people_graph_agreement, full_product_hybrid, tuned_product_hybrid, level_tuned_product_hybrid, profile_size_log, is_beginner, is_casual, is_fan, is_veteran",23756,23756,12,200,collaborative + popularity + metadata + graph + people/staff + profile-band flags
lightgbm_lambdarank,groupwise learning-to-rank,LambdaRank/NDCG within each user's candidate group,"LGBMRanker(n_estimators=360, learning_rate=0.035, num_leaves=45)","17 candidate features: latent_svd, item_knn_collaborative, popularity, metadata_content, graph_related, people_staff_affinity, svd_popularity_agreement, metadata_graph_agreement, people_graph_agreement, full_product_hybrid, tuned_product_hybrid, level_tuned_product_hybrid, profile_size_log, is_beginner, is_casual, is_fan, is_veteran",23756,23756,12,200,collaborative + popularity + metadata + graph + people/staff + profile-band flags
xgboost_pairwise_ranker,groupwise learning-to-rank,pairwise ranking within each user's candidate group,"XGBRanker(objective=rank:pairwise, n_estimators=360, max_depth=6)","17 candidate features: latent_svd, item_knn_collaborative, popularity, metadata_content, graph_related, people_staff_affinity, svd_popularity_agreement, metadata_graph_agreement, people_graph_agreement, full_product_hybrid, tuned_product_hybrid, level_tuned_product_hybrid, profile_size_log, is_beginner, is_casual, is_fan, is_veteran",23756,23756,12,200,collaborative + popularity + metadata + graph + people/staff + profile-band flags
catboost_yetirank,groupwise learning-to-rank,YetiRank candidate ordering,"CatBoostRanker(loss_function=YetiRank, iterations=360, depth=7)","17 candidate features: latent_svd, item_knn_collaborative, popularity, metadata_content, graph_related, people_staff_affinity, svd_popularity_agreement, metadata_graph_agreement, people_graph_agreement, full_product_hybrid, tuned_product_hybrid, level_tuned_product_hybrid, profile_size_log, is_beginner, is_casual, is_fan, is_veteran",23756,23756,12,200,collaborative + popularity + metadata + graph + people/staff + profile-band flags
torch_feature_mlp_reranker,neural learned reranker,binary relevance over component features,"Linear(17->160)->ReLU->Dropout(.10)->Linear(160->80)->ReLU->Dropout(.06)->Linear(80->32)->ReLU->Linear(32->1), epochs=6","17 candidate features: latent_svd, item_knn_collaborative, popularity, metadata_content, graph_related, people_staff_affinity, svd_popularity_agreement, metadata_graph_agreement, people_graph_agreement, full_product_hybrid, tuned_product_hybrid, level_tuned_product_hybrid, profile_size_log, is_beginner, is_casual, is_fan, is_veteran",23756,23756,12,200,collaborative + popularity + metadata + graph + people/staff + profile-band flags
implicit_als_cf,collaborative factorization,implicit-feedback matrix factorization,"AlternatingLeastSquares(factors=128, regularization=0.08, iterations=16)",user-anime positive interaction matrix,23756,23756,12,200,user-anime positive interaction matrix
torch_two_tower_cf,neural collaborative filtering,binary relevance with sampled negatives,"user embedding x item embedding dot product, dim=96, epochs=6",user_id|anime_id|positive_or_sampled_negative_label,23756,23756,12,200,user_id|anime_id|positive_or_sampled_negative_label
