mal_id,title,type,score,members,episodes,duration,total_watch_minutes,aired_year,genres,demographics,rating,beginner_entry_score,why_entry_level
52991,Sousou no Frieren,TV,9.26,1464830,28,24.0,672.0,2023.0,Adventure|Drama|Fantasy,Shounen,PG-13 - Teens 13 or older,0.7807903862281069,high-score popular short/medium-length series
38524,Shingeki no Kyojin Season 3 Part 2,TV,9.05,2608889,10,23.0,230.0,2019.0,Action|Drama|Fantasy|Mystery,Shounen,R - 17+ (violence & profanity),0.7802062722567096,high-score popular short/medium-length series
9253,Steins;Gate,TV,9.07,2825671,24,24.0,576.0,2011.0,Drama|Psychological|Sci-Fi|Thriller,Seinen,PG-13 - Teens 13 or older,0.7640429431017008,high-score popular short/medium-length series
28851,Koe no Katachi,Movie,8.93,2630893,1,130.0,130.0,2016.0,Drama|Romance|Slice of Life,Shounen,PG-13 - Teens 13 or older,0.7486194707659796,high-score popular movie; low commitment
32281,Kimi no Na wa.,Movie,8.82,3040773,1,106.0,106.0,2016.0,Drama|Romance|Supernatural,,PG-13 - Teens 13 or older,0.7404871011691445,high-score popular movie; low commitment
5114,Fullmetal Alchemist: Brotherhood,TV,9.11,3699915,64,25.0,1600.0,2009.0,Action|Adventure|Drama|Fantasy,Shounen,R - 17+ (violence & profanity),0.7363772499436527,high-score popular short/medium-length series
40028,Shingeki no Kyojin: The Final Season,TV,8.79,2304730,16,23.0,368.0,2020.0,Action|Drama|Fantasy|Mystery,Shounen,R - 17+ (violence & profanity),0.724681696071566,high-score popular short/medium-length series
16498,Shingeki no Kyojin,TV,8.57,4382519,25,24.0,600.0,2013.0,Action|Drama|Fantasy|Mystery,Shounen,R - 17+ (violence & profanity),0.7151032448377582,high-score popular short/medium-length series
35760,Shingeki no Kyojin Season 3,TV,8.65,2681506,12,23.0,276.0,2018.0,Action|Drama|Fantasy|Mystery,Shounen,R - 17+ (violence & profanity),0.7048708418929956,high-score popular short/medium-length series
37521,Vinland Saga,TV,8.78,1837499,24,24.0,576.0,2019.0,Action|Adventure|Drama,Seinen,R - 17+ (violence & profanity),0.7002276794193503,high-score popular short/medium-length series
43608,Kaguya-sama wa Kokurasetai: Ultra Romantic,TV,8.95,1120777,13,23.0,299.0,2022.0,Comedy|Psychological|Romance|Slice of Life,Seinen,PG-13 - Teens 13 or older,0.6997874837636581,high-score popular short/medium-length series
37510,Mob Psycho 100 II,TV,8.78,1736797,13,24.0,312.0,2019.0,Action|Comedy|Drama|Psychological|Slice of Life|Supernatural,Shounen,PG-13 - Teens 13 or older,0.6954356391446708,high-score popular short/medium-length series
2904,Code Geass: Hangyaku no Lelouch R2,TV,8.92,1964303,25,24.0,600.0,2008.0,Action|Drama|Mecha|Sci-Fi|Thriller,Seinen,R - 17+ (violence & profanity),0.6952523616656171,high-score popular short/medium-length series
48583,Shingeki no Kyojin: The Final Season Part 2,TV,8.77,1574589,12,23.0,276.0,2022.0,Action|Drama|Fantasy|Mystery|Psychological,Shounen,R - 17+ (violence & profanity),0.6952410325788659,high-score popular short/medium-length series
40748,Jujutsu Kaisen,TV,8.5,3061150,24,23.0,552.0,2020.0,Action|Drama|Supernatural,Shounen,R - 17+ (violence & profanity),0.6949192573476914,high-score popular short/medium-length series
25777,Shingeki no Kyojin Season 2,TV,8.54,3034973,12,25.0,300.0,2017.0,Action|Drama|Fantasy|Mystery,Shounen,R - 17+ (violence & profanity),0.6916227108487683,high-score popular short/medium-length series
33352,Violet Evergarden,TV,8.69,2008156,13,24.0,312.0,2018.0,Drama|Fantasy|Slice of Life,Seinen,PG-13 - Teens 13 or older,0.6877195535026601,high-score popular short/medium-length series
47778,Kimetsu no Yaiba: Yuukaku-hen,TV,8.69,1754260,11,26.0,286.0,2021.0,Action|Adventure|Fantasy|Supernatural,Shounen,R - 17+ (violence & profanity),0.6862272383368703,high-score popular short/medium-length series
1535,Death Note,TV,8.62,4319618,37,23.0,851.0,2006.0,Mystery|Psychological|Supernatural|Thriller,Shounen,R - 17+ (violence & profanity),0.6849679535921154,high-score popular short/medium-length series
30276,One Punch Man,TV,8.47,3532928,12,24.0,288.0,2015.0,Action|Comedy|Sci-Fi|Supernatural,Seinen,R - 17+ (violence & profanity),0.684864018764495,high-score popular short/medium-length series
38000,Kimetsu no Yaiba,TV,8.4,3467951,26,23.0,598.0,2019.0,Action|Adventure|Drama|Fantasy|Supernatural,Shounen,R - 17+ (violence & profanity),0.6836102459801346,high-score popular short/medium-length series
23273,Shigatsu wa Kimi no Uso,TV,8.64,2436947,22,22.0,484.0,2014.0,Drama|Music|Romance|Slice of Life,Shounen,PG-13 - Teens 13 or older,0.6815482927365588,high-score popular short/medium-length series
51009,Jujutsu Kaisen 2nd Season,TV,8.7,1419375,23,23.0,529.0,2023.0,Action|Drama|Supernatural,Shounen,R - 17+ (violence & profanity),0.6767422025364052,high-score popular short/medium-length series
1575,Code Geass: Hangyaku no Lelouch,TV,8.71,2484211,25,24.0,600.0,2006.0,Action|Drama|Mecha|Sci-Fi|Thriller,Seinen,R+ - Mild Nudity,0.6695236573621379,high-score popular short/medium-length series
41467,Bleach: Sennen Kessen-hen,TV,8.98,713800,13,24.0,312.0,2022.0,Action|Adventure|Supernatural,Shounen,R - 17+ (violence & profanity),0.6670032534640141,high-score popular short/medium-length series
57555,Chainsaw Man Movie: Reze-hen,Movie,9.07,502782,1,100.0,100.0,2025.0,Action|Drama|Horror|Romance|Supernatural,Shounen,R - 17+ (violence & profanity),0.6639335513780212,high-score popular movie; low commitment
54492,Kusuriya no Hitorigoto,TV,8.85,859566,24,22.0,528.0,2023.0,Drama|Mystery,Seinen,PG-13 - Teens 13 or older,0.6619763564338498,high-score popular short/medium-length series
4181,Clannad: After Story,TV,8.93,1290792,24,24.0,576.0,2008.0,Drama|Romance|Slice of Life|Supernatural,Seinen,PG-13 - Teens 13 or older,0.6614118852980475,high-score popular short/medium-length series
32935,Haikyuu!! Karasuno Koukou vs. Shiratorizawa Gakuen Koukou,TV,8.77,1333750,10,25.0,250.0,2016.0,Comedy|Drama|Sports,Shounen,PG-13 - Teens 13 or older,0.6611275126030931,high-score popular short/medium-length series
49387,Vinland Saga Season 2,TV,8.83,868167,24,25.0,600.0,2023.0,Action|Adventure|Drama,Seinen,R - 17+ (violence & profanity),0.6591060551657943,high-score popular short/medium-length series
32182,Mob Psycho 100,TV,8.49,2332601,12,24.0,288.0,2016.0,Action|Comedy|Drama|Psychological|Slice of Life|Supernatural,Shounen,PG-13 - Teens 13 or older,0.6566181427566729,high-score popular short/medium-length series
37779,Yakusoku no Neverland,TV,8.47,2163907,12,22.0,264.0,2019.0,Drama|Fantasy|Horror|Mystery|Psychological|Thriller,Shounen,R - 17+ (violence & profanity),0.6565188976417636,high-score popular short/medium-length series
40591,Kaguya-sama wa Kokurasetai? Tensai-tachi no Renai Zunousen,TV,8.61,1509133,12,25.0,300.0,2020.0,Comedy|Psychological|Romance|Slice of Life,Seinen,PG-13 - Teens 13 or older,0.6552299343576014,high-score popular short/medium-length series
40456,Kimetsu no Yaiba Movie: Mugen Ressha-hen,Movie,8.53,1788236,1,116.0,116.0,2020.0,Action|Adventure|Drama|Fantasy|Mystery|Supernatural,Shounen,R - 17+ (violence & profanity),0.6547903172298464,high-score popular movie; low commitment
44511,Chainsaw Man,TV,8.42,1986437,12,25.0,300.0,2022.0,Action|Drama|Horror|Supernatural,Shounen,R - 17+ (violence & profanity),0.649951347559044,high-score popular short/medium-length series
34599,Made in Abyss,TV,8.62,1560169,13,25.0,325.0,2017.0,Adventure|Drama|Fantasy|Horror|Mystery|Sci-Fi,Seinen,R - 17+ (violence & profanity),0.6499160518149756,high-score popular short/medium-length series
199,Sen to Chihiro no Kamikakushi,Movie,8.77,2036476,1,124.0,124.0,2001.0,Adventure|Drama|Fantasy|Supernatural,Kodomo,PG - Children,0.6471107802420465,high-score popular movie; low commitment
50265,Spy x Family,TV,8.41,1906638,12,24.0,288.0,2022.0,Action|Comedy|Slice of Life|Supernatural,Shounen,PG-13 - Teens 13 or older,0.644606971949408,high-score popular short/medium-length series
28891,Haikyuu!! Second Season,TV,8.61,1573595,25,24.0,600.0,2015.0,Comedy|Drama|Sports,Shounen,PG-13 - Teens 13 or older,0.6421194971105649,high-score popular short/medium-length series
1,Cowboy Bebop,TV,8.75,2065698,26,24.0,624.0,1998.0,Action|Adventure|Drama|Sci-Fi,Seinen,R - 17+ (violence & profanity),0.6412719591014123,high-score popular short/medium-length series
61316,Re:Zero kara Hajimeru Isekai Seikatsu 4th Season,TV,9.19,280853,19,23.0,437.0,2026.0,Action|Adventure|Drama|Fantasy|Psychological|Romance|Thriller,Seinen,R - 17+ (violence & profanity),0.6400578017069236,high-score popular short/medium-length series
59978,Sousou no Frieren 2nd Season,TV,8.87,564667,10,24.0,240.0,2026.0,Adventure|Drama|Fantasy,Shounen,PG-13 - Teens 13 or older,0.63996796449539,high-score popular short/medium-length series
58514,Kusuriya no Hitorigoto 2nd Season,TV,8.91,519790,24,24.0,576.0,2025.0,Drama|Mystery,Seinen,PG-13 - Teens 13 or older,0.6370275416384176,high-score popular short/medium-length series
50172,Mob Psycho 100 III,TV,8.72,870415,12,23.0,276.0,2022.0,Action|Comedy|Drama|Psychological|Slice of Life|Supernatural,Shounen,PG-13 - Teens 13 or older,0.635550110445917,high-score popular short/medium-length series
37987,Violet Evergarden Movie,Movie,8.83,734478,1,140.0,140.0,2020.0,Drama|Fantasy|Slice of Life,Seinen,PG-13 - Teens 13 or older,0.6348884526510863,high-score popular movie; low commitment
42938,Fruits Basket: The Final,TV,8.93,567213,13,23.0,299.0,2021.0,Comedy|Drama|Psychological|Romance|Slice of Life|Supernatural,Shoujo,PG-13 - Teens 13 or older,0.6348342268410526,high-score popular short/medium-length series
42310,Cyberpunk: Edgerunners,ONA,8.62,1072945,10,25.0,250.0,2022.0,Action|Drama|Psychological|Sci-Fi,Seinen,R+ - Mild Nudity,0.6347518466013743,high-score popular short/medium-length series
37999,Kaguya-sama wa Kokurasetai: Tensai-tachi no Renai Zunousen,TV,8.4,1951447,12,25.0,300.0,2019.0,Comedy|Psychological|Romance|Slice of Life,Seinen,PG-13 - Teens 13 or older,0.6347235823143267,high-score popular short/medium-length series
20583,Haikyuu!!,TV,8.43,2183292,25,24.0,600.0,2014.0,Comedy|Drama|Sports,Shounen,PG-13 - Teens 13 or older,0.633176860890408,high-score popular short/medium-length series
45576,Mushoku Tensei: Isekai Ittara Honki Dasu Part 2,TV,8.6,1132079,12,23.0,276.0,2021.0,Adventure|Drama|Ecchi|Fantasy,Seinen,R - 17+ (violence & profanity),0.632262969952736,high-score popular short/medium-length series
47917,Bocchi the Rock!,TV,8.73,803159,12,23.0,276.0,2022.0,Comedy|Music|Slice of Life,Seinen,PG-13 - Teens 13 or older,0.6305713263174938,high-score popular short/medium-length series
2001,Tengen Toppa Gurren Lagann,TV,8.64,1775700,27,24.0,648.0,2007.0,Action|Comedy|Drama|Mecha|Romance|Sci-Fi,Seinen,PG-13 - Teens 13 or older,0.6299499897577985,high-score popular short/medium-length series
28977,Gintama°,TV,9.05,694481,51,24.0,1224.0,2015.0,Action|Comedy|Drama|Sci-Fi,Shounen,PG-13 - Teens 13 or older,0.6205621718515278,high-score popular short/medium-length series
52034,[Oshi no Ko],TV,8.53,1060690,11,30.0,330.0,2023.0,Drama|Mystery|Psychological|Supernatural,Seinen,PG-13 - Teens 13 or older,0.6203828284928679,high-score popular short/medium-length series
31043,Boku dake ga Inai Machi,TV,8.3,2303242,12,23.0,276.0,2016.0,Drama|Mystery|Psychological|Supernatural|Thriller,Seinen,R - 17+ (violence & profanity),0.6202315058792389,high-score popular short/medium-length series
30654,Ansatsu Kyoushitsu 2nd Season,TV,8.47,1575881,25,23.0,575.0,2016.0,Action|Comedy|Drama|Supernatural,Shounen,PG-13 - Teens 13 or older,0.6195585542711325,high-score popular short/medium-length series
31240,Re:Zero kara Hajimeru Isekai Seikatsu,TV,8.25,2476450,25,26.0,650.0,2016.0,Action|Adventure|Drama|Fantasy|Psychological|Romance|Thriller,Seinen,R - 17+ (violence & profanity),0.6171042314354741,high-score popular short/medium-length series
36098,Kimi no Suizou wo Tabetai,Movie,8.55,1126761,1,108.0,108.0,2018.0,Drama|Romance|Slice of Life,Seinen,PG-13 - Teens 13 or older,0.6125706014972387,high-score popular movie; low commitment
431,Howl no Ugoku Shiro,Movie,8.67,1497404,1,119.0,119.0,2004.0,Adventure|Drama|Fantasy|Romance,Seinen,G - All Ages,0.612383675499291,high-score popular movie; low commitment
38691,Dr. Stone,TV,8.26,1968586,24,24.0,576.0,2019.0,Action|Adventure|Comedy|Sci-Fi,Shounen,PG-13 - Teens 13 or older,0.6094493412582499,high-score popular short/medium-length series
39535,Mushoku Tensei: Isekai Ittara Honki Dasu,TV,8.32,1588197,11,23.0,253.0,2021.0,Adventure|Drama|Ecchi|Fantasy,Seinen,R - 17+ (violence & profanity),0.6090109998209442,high-score popular short/medium-length series
48569,86 Part 2,TV,8.72,650185,12,23.0,276.0,2021.0,Action|Drama|Mecha|Sci-Fi,Seinen,R - 17+ (violence & profanity),0.6074149522650739,high-score popular short/medium-length series
22535,Kiseijuu: Sei no Kakuritsu,TV,8.32,2048804,24,23.0,552.0,2014.0,Action|Drama|Horror|Psychological|Sci-Fi,Seinen,R - 17+ (violence & profanity),0.6073289281450716,high-score popular short/medium-length series
40776,Haikyuu!! To the Top Part 2,TV,8.56,933294,12,23.0,276.0,2020.0,Comedy|Drama|Sports,Shounen,PG-13 - Teens 13 or older,0.6050791786639873,high-score popular short/medium-length series
37991,JoJo no Kimyou na Bouken Part 5: Ougon no Kaze,TV,8.58,1180438,39,23.0,897.0,2018.0,Action|Adventure|Drama|Mystery|Supernatural,Shounen,R - 17+ (violence & profanity),0.6045350118983158,high-score popular short/medium-length series
61469,Steel Ball Run: JoJo no Kimyou na Bouken,ONA,9.11,218565,1,47.0,47.0,2026.0,Action|Adventure|Drama|Mystery|Sports|Supernatural,Seinen,R - 17+ (violence & profanity),0.6038716934969266,high-score popular short/medium-length series
58567,Ore dake Level Up na Ken Season 2: Arise from the Shadow,TV,8.52,797917,13,23.0,299.0,2025.0,Action|Adventure|Fantasy,Shounen,R - 17+ (violence & profanity),0.6009880481243067,high-score popular short/medium-length series
37450,Seishun Buta Yarou wa Bunny Girl Senpai no Yume wo Minai,TV,8.23,1971676,13,25.0,325.0,2018.0,Comedy|Drama|Mystery|Psychological|Romance|Supernatural,Seinen,PG-13 - Teens 13 or older,0.6006741361946033,high-score popular short/medium-length series
30484,Steins;Gate 0,TV,8.55,959989,23,23.0,529.0,2018.0,Drama|Psychological|Sci-Fi|Thriller,Seinen,PG-13 - Teens 13 or older,0.5989518382771177,high-score popular short/medium-length series
48561,Jujutsu Kaisen 0 Movie,Movie,8.36,1281221,1,105.0,105.0,2021.0,Action|Supernatural,Shounen,R - 17+ (violence & profanity),0.5981832478379917,high-score popular movie; low commitment
38329,Seishun Buta Yarou wa Yumemiru Shoujo no Yume wo Minai,Movie,8.59,827496,1,90.0,90.0,2019.0,Drama|Psychological|Romance|Supernatural,Seinen,PG-13 - Teens 13 or older,0.5970916460556609,high-score popular movie; low commitment
17074,Monogatari Series: Second Season,TV,8.76,721754,26,25.0,650.0,2013.0,Comedy|Drama|Mystery|Psychological|Romance|Supernatural,Seinen,R - 17+ (violence & profanity),0.5970604650926477,high-score popular short/medium-length series
11741,Fate/Zero 2nd Season,TV,8.54,1200323,12,24.0,288.0,2012.0,Action|Drama|Fantasy|Supernatural,Seinen,R - 17+ (violence & profanity),0.596089243348358,high-score popular short/medium-length series
42203,Re:Zero kara Hajimeru Isekai Seikatsu 2nd Season Part 2,TV,8.42,1084682,12,30.0,360.0,2021.0,Action|Adventure|Drama|Fantasy|Psychological|Romance|Thriller,Seinen,R - 17+ (violence & profanity),0.5951753739263982,high-score popular short/medium-length series
35180,3-gatsu no Lion 2nd Season,TV,8.9,440613,22,25.0,550.0,2017.0,Drama|Slice of Life,Seinen,PG-13 - Teens 13 or older,0.5944520379110593,high-score popular short/medium-length series
57334,Dandadan,TV,8.4,992079,12,23.0,276.0,2024.0,Action|Comedy|Drama|Romance|Sci-Fi|Supernatural,Shounen,R - 17+ (violence & profanity),0.5938713101702249,high-score popular short/medium-length series
164,Mononoke Hime,Movie,8.67,1386703,1,133.0,133.0,1997.0,Action|Adventure|Drama|Fantasy,Seinen,PG-13 - Teens 13 or older,0.5925203680622276,high-score popular movie; low commitment
31933,JoJo no Kimyou na Bouken Part 4: Diamond wa Kudakenai,TV,8.51,1279899,39,23.0,897.0,2016.0,Action|Adventure|Drama|Mystery|Supernatural,Shounen,R - 17+ (violence & profanity),0.59173734711037,high-score popular short/medium-length series
9969,Gintama',TV,9.02,617113,51,24.0,1224.0,2011.0,Action|Comedy|Drama|Sci-Fi,Shounen,PG-13 - Teens 13 or older,0.5916115312917107,high-score popular short/medium-length series
26055,JoJo no Kimyou na Bouken Part 3: Stardust Crusaders - Egypt-hen,TV,8.44,1258508,24,23.0,552.0,2015.0,Action|Adventure|Drama|Supernatural,Shounen,R - 17+ (violence & profanity),0.5915297590052806,high-score popular short/medium-length series
39587,Re:Zero kara Hajimeru Isekai Seikatsu 2nd Season,TV,8.33,1295346,13,26.0,338.0,2020.0,Action|Adventure|Drama|Fantasy|Psychological|Thriller,Seinen,R - 17+ (violence & profanity),0.5902068934876555,high-score popular short/medium-length series
33486,Boku no Hero Academia 2nd Season,TV,8.04,2744283,25,23.0,575.0,2017.0,Action|Adventure|Comedy,Shounen,PG-13 - Teens 13 or older,0.5901421780979565,high-score popular short/medium-length series
34096,Gintama.,TV,8.98,350361,12,24.0,288.0,2017.0,Action|Comedy|Drama|Sci-Fi,Shounen,PG-13 - Teens 13 or older,0.589832197254038,high-score popular short/medium-length series
13601,Psycho-Pass,TV,8.32,1754659,22,23.0,506.0,2012.0,Action|Psychological|Sci-Fi|Thriller,Seinen,R - 17+ (violence & profanity),0.5874855119822149,high-score popular short/medium-length series
42897,Horimiya,TV,8.18,1655204,13,23.0,299.0,2021.0,Comedy|Romance|Slice of Life,Shounen,PG-13 - Teens 13 or older,0.5865067948287548,high-score popular short/medium-length series
57658,Jujutsu Kaisen: Shimetsu Kaiyuu - Zenpen,TV,8.61,526349,12,23.0,276.0,2026.0,Action|Drama|Supernatural,Shounen,R - 17+ (violence & profanity),0.5856747952981464,high-score popular short/medium-length series
52701,Dungeon Meshi,TV,8.59,594420,24,25.0,600.0,2024.0,Adventure|Comedy|Fantasy,Seinen,R - 17+ (violence & profanity),0.5856317370761481,high-score popular short/medium-length series
31758,Kizumonogatari III: Reiketsu-hen,Movie,8.78,515698,1,82.0,82.0,2017.0,Action|Drama|Ecchi|Mystery|Psychological|Supernatural,Seinen,R - 17+ (violence & profanity),0.5855296125276136,high-score popular movie; low commitment
32937,Kono Subarashii Sekai ni Shukufuku wo! 2,TV,8.24,1661388,10,23.0,230.0,2017.0,Adventure|Comedy|Ecchi|Fantasy,Seinen,PG-13 - Teens 13 or older,0.584640959877868,high-score popular short/medium-length series
39551,Tensei shitara Slime Datta Ken 2nd Season,TV,8.34,1123816,12,23.0,276.0,2021.0,Action|Adventure|Comedy|Fantasy,Shounen,PG-13 - Teens 13 or older,0.5833215428640535,high-score popular short/medium-length series
15417,Gintama': Enchousen,TV,9.02,359694,13,24.0,312.0,2012.0,Action|Comedy|Drama|Sci-Fi,Shounen,PG-13 - Teens 13 or older,0.5828343323904984,high-score popular short/medium-length series
36649,Banana Fish,TV,8.45,967811,24,22.0,528.0,2018.0,Action|Drama|Psychological|Thriller,Shoujo,R - 17+ (violence & profanity),0.5810577148140377,high-score popular short/medium-length series
38883,Haikyuu!! To the Top,TV,8.37,1057562,13,24.0,312.0,2020.0,Comedy|Drama|Sports,Shounen,PG-13 - Teens 13 or older,0.5803972149385686,high-score popular short/medium-length series
37520,Dororo,TV,8.26,1384215,24,24.0,576.0,2019.0,Action|Adventure|Drama|Supernatural,Shounen,R - 17+ (violence & profanity),0.5795063302419746,high-score popular short/medium-length series
9756,Mahou Shoujo Madoka★Magica,TV,8.39,1417676,12,24.0,288.0,2011.0,Action|Drama|Fantasy|Mahou Shoujo|Psychological|Thriller,Seinen,PG-13 - Teens 13 or older,0.5790297510954527,high-score popular short/medium-length series
44074,Shiguang Dailiren,ONA,8.7,485753,11,23.0,253.0,2021.0,Drama|Mystery|Supernatural|Thriller,Seinen,PG-13 - Teens 13 or older,0.5789096301233738,high-score popular short/medium-length series
19,Monster,TV,8.89,1339148,74,24.0,1776.0,2004.0,Drama|Horror|Mystery|Psychological|Thriller,Seinen,R+ - Mild Nudity,0.5789069395264476,high-score popular short/medium-length series
40834,Ousama Ranking,TV,8.48,761724,23,22.0,506.0,2021.0,Action|Adventure|Drama|Fantasy,Seinen,PG-13 - Teens 13 or older,0.576274373611374,high-score popular short/medium-length series
205,Samurai Champloo,TV,8.52,1356817,26,24.0,624.0,2004.0,Action|Adventure|Comedy,Seinen,R - 17+ (violence & profanity),0.5761251955251336,high-score popular short/medium-length series
37105,Grand Blue,TV,8.45,912453,12,24.0,288.0,2018.0,Comedy|Slice of Life|Sports,Seinen,PG-13 - Teens 13 or older,0.5760499398954047,high-score popular short/medium-length series
30831,Kono Subarashii Sekai ni Shukufuku wo!,TV,8.09,2161436,10,23.0,230.0,2016.0,Adventure|Comedy|Ecchi|Fantasy,Seinen,PG-13 - Teens 13 or older,0.5758022859060502,high-score popular short/medium-length series
41025,Fumetsu no Anata e,TV,8.35,1004161,20,25.0,500.0,2021.0,Adventure|Drama|Fantasy|Psychological|Supernatural,Shounen,R - 17+ (violence & profanity),0.5756084495104706,high-score popular short/medium-length series
9989,Ano Hi Mita Hana no Namae wo Bokutachi wa Mada Shiranai.,TV,8.28,1713873,11,22.0,242.0,2011.0,Drama|Romance|Slice of Life|Supernatural,Shounen,PG-13 - Teens 13 or older,0.5747189493136187,high-score popular short/medium-length series
41457,86,TV,8.35,984244,11,23.0,253.0,2021.0,Action|Drama|Mecha|Sci-Fi,Seinen,R - 17+ (violence & profanity),0.5739051487624233,high-score popular short/medium-length series
53998,Bleach: Sennen Kessen-hen - Ketsubetsu-tan,TV,8.7,420993,13,24.0,312.0,2023.0,Action|Adventure|Supernatural,Shounen,R - 17+ (violence & profanity),0.573411118920938,high-score popular short/medium-length series
19815,No Game No Life,TV,8.03,2566237,12,23.0,276.0,2014.0,Adventure|Comedy|Ecchi|Fantasy,Seinen,PG-13 - Teens 13 or older,0.5725806053838903,high-score popular short/medium-length series
12355,Ookami Kodomo no Ame to Yuki,Movie,8.56,870864,1,117.0,117.0,2012.0,Drama|Fantasy|Romance|Slice of Life,Kodomo,PG-13 - Teens 13 or older,0.572526110411892,high-score popular movie; low commitment
41084,Made in Abyss: Retsujitsu no Ougonkyou,TV,8.59,543660,12,25.0,300.0,2022.0,Adventure|Drama|Fantasy|Horror|Mystery|Sci-Fi,Seinen,R - 17+ (violence & profanity),0.5713758973324948,high-score popular short/medium-length series
24833,Ansatsu Kyoushitsu,TV,8.07,2225736,22,23.0,506.0,2015.0,Action|Comedy|Drama|Supernatural,Shounen,PG-13 - Teens 13 or older,0.571244524885122,high-score popular short/medium-length series
46102,Odd Taxi,TV,8.63,514303,13,23.0,299.0,2021.0,Drama|Mystery|Psychological|Thriller,Seinen,PG-13 - Teens 13 or older,0.5707565395508708,high-score popular short/medium-length series
36456,Boku no Hero Academia 3rd Season,TV,7.98,2393215,25,23.0,575.0,2018.0,Action|Adventure|Comedy|Drama,Shounen,PG-13 - Teens 13 or older,0.5706871602324779,high-score popular short/medium-length series
49926,Kimetsu no Yaiba: Mugen Ressha-hen,TV,8.33,988201,7,24.0,168.0,2021.0,Action|Adventure|Drama|Fantasy|Mystery|Supernatural,Shounen,R - 17+ (violence & profanity),0.5705294642482575,high-score popular short/medium-length series
28223,Death Parade,TV,8.13,1925045,12,23.0,276.0,2015.0,Drama|Mystery|Psychological|Supernatural|Thriller,Seinen,R - 17+ (violence & profanity),0.5700551137334376,high-score popular short/medium-length series
457,Mushishi,TV,8.65,910036,26,25.0,650.0,2005.0,Adventure|Fantasy|Mystery|Psychological|Slice of Life|Supernatural,Seinen,PG-13 - Teens 13 or older,0.5696592361403838,high-score popular short/medium-length series
30,Shinseiki Evangelion,TV,8.37,2039711,26,24.0,624.0,1995.0,Action|Drama|Mecha|Mystery|Psychological|Sci-Fi,Seinen,PG-13 - Teens 13 or older,0.5695761153842747,high-score popular short/medium-length series
60489,Takopii no Genzai,ONA,8.75,331746,6,26.0,156.0,2025.0,Drama|Psychological|Sci-Fi,Shounen,R - 17+ (violence & profanity),0.5691138201639053,high-score popular short/medium-length series
38040,Kono Subarashii Sekai ni Shukufuku wo! Movie: Kurenai Densetsu,Movie,8.4,892213,1,90.0,90.0,2019.0,Action|Adventure|Comedy|Ecchi|Fantasy|Supernatural,Seinen,PG-13 - Teens 13 or older,0.5681840671008807,high-score popular movie; low commitment
37430,Tensei shitara Slime Datta Ken,TV,8.13,1656451,24,23.0,552.0,2018.0,Action|Adventure|Comedy|Fantasy,Shounen,PG-13 - Teens 13 or older,0.5672787888105943,high-score popular short/medium-length series
47194,Summertime Render,TV,8.46,684422,25,23.0,575.0,2022.0,Action|Drama|Mystery|Supernatural|Thriller,Shounen,R - 17+ (violence & profanity),0.5667928010633686,high-score popular short/medium-length series
36862,Made in Abyss Movie 3: Fukaki Tamashii no Reimei,Movie,8.6,541219,1,105.0,105.0,2020.0,Action|Adventure|Drama|Fantasy|Horror|Mystery|Psychological|Sci-Fi,Seinen,R - 17+ (violence & profanity),0.5661850380843134,high-score popular movie; low commitment
59192,Kimetsu no Yaiba Movie 1: Mugenjou-hen - Akaza Sairai,Movie,8.66,388427,1,155.0,155.0,2025.0,Action|Adventure|Drama|Fantasy|Supernatural,Shounen,R - 17+ (violence & profanity),0.5657990211553742,high-score popular movie; low commitment
10087,Fate/Zero,TV,8.26,1609203,13,27.0,351.0,2011.0,Action|Drama|Fantasy|Supernatural,Seinen,R - 17+ (violence & profanity),0.5656443715644232,high-score popular short/medium-length series
52198,Kaguya-sama wa Kokurasetai: First Kiss wa Owaranai,Movie,8.71,387165,1,96.0,96.0,2022.0,Comedy|Psychological|Romance|Slice of Life,Seinen,PG-13 - Teens 13 or older,0.5648143729206317,high-score popular movie; low commitment
38826,Tenki no Ko,Movie,8.27,1137369,1,115.0,115.0,2019.0,Drama|Romance|Slice of Life|Supernatural,Seinen,PG-13 - Teens 13 or older,0.5646652334836045,high-score popular movie; low commitment
5081,Bakemonogatari,TV,8.32,1496369,15,25.0,375.0,2009.0,Comedy|Drama|Mystery|Psychological|Romance|Supernatural,Seinen,R - 17+ (violence & profanity),0.5639473076377347,high-score popular short/medium-length series
10165,Nichijou,TV,8.47,987116,26,23.0,598.0,2011.0,Comedy|Slice of Life,Shounen,PG-13 - Teens 13 or older,0.5631204292048662,high-score popular short/medium-length series
48736,Sono Bisque Doll wa Koi wo Suru,TV,8.13,1341713,12,23.0,276.0,2022.0,Comedy|Ecchi|Romance|Slice of Life,Seinen,PG-13 - Teens 13 or older,0.5626955601570229,high-score popular short/medium-length series
51553,Tongari Boushi no Atelier,TV,8.67,350849,13,23.0,299.0,2026.0,Adventure|Drama|Fantasy,Seinen,PG-13 - Teens 13 or older,0.5623399170110266,high-score popular short/medium-length series
39486,Gintama: The Final,Movie,9.05,185665,1,104.0,104.0,2021.0,Action|Comedy|Drama|Sci-Fi,Shounen,PG-13 - Teens 13 or older,0.5621843088334463,high-score popular movie; low commitment
50602,Spy x Family Part 2,TV,8.2,1143863,13,24.0,312.0,2022.0,Action|Comedy|Slice of Life|Supernatural,Shounen,PG-13 - Teens 13 or older,0.5621404468209314,high-score popular short/medium-length series
31964,Boku no Hero Academia,TV,7.82,3320641,13,24.0,312.0,2016.0,Action|Adventure|Comedy,Shounen,PG-13 - Teens 13 or older,0.5621321902904982,high-score popular short/medium-length series
55791,[Oshi no Ko] 2nd Season,TV,8.51,527532,13,25.0,325.0,2024.0,Drama|Mystery|Psychological|Supernatural,Seinen,PG-13 - Teens 13 or older,0.5606149335601949,high-score popular short/medium-length series
52299,Ore dake Level Up na Ken,TV,8.15,1156513,12,23.0,276.0,2024.0,Action|Adventure|Fantasy,Shounen,R - 17+ (violence & profanity),0.5604501690737651,high-score popular short/medium-length series
60098,Boku no Hero Academia: Final Season,TV,8.71,323089,11,23.0,253.0,2025.0,Action|Adventure,Shounen,PG-13 - Teens 13 or older,0.5594320812010196,high-score popular short/medium-length series
28171,Shokugeki no Souma,TV,8.11,1753357,24,25.0,600.0,2015.0,Comedy|Ecchi,Shounen,PG-13 - Teens 13 or older,0.5583958519752058,high-score popular short/medium-length series
40417,Fruits Basket 2nd Season,TV,8.52,588074,25,23.0,575.0,2020.0,Comedy|Drama|Psychological|Romance|Slice of Life|Supernatural,Shoujo,PG-13 - Teens 13 or older,0.558376991453055,high-score popular short/medium-length series
41487,Tensei shitara Slime Datta Ken 2nd Season Part 2,TV,8.29,920652,12,23.0,276.0,2021.0,Action|Adventure|Comedy|Fantasy,Shounen,PG-13 - Teens 13 or older,0.5570759877730658,high-score popular short/medium-length series
39547,Yahari Ore no Seishun Love Comedy wa Machigatteiru. Kan,TV,8.35,826744,12,24.0,288.0,2020.0,Comedy|Drama|Romance|Slice of Life,Seinen,PG-13 - Teens 13 or older,0.5557459099214694,high-score popular short/medium-length series
51019,Kimetsu no Yaiba: Katanakaji no Sato-hen,TV,8.15,1126955,11,28.0,308.0,2023.0,Action|Adventure|Drama|Fantasy|Supernatural,Shounen,R - 17+ (violence & profanity),0.5549156222563486,high-score popular short/medium-length series
40852,Dr. Stone: Stone Wars,TV,8.15,1211697,11,24.0,264.0,2021.0,Action|Adventure|Comedy|Sci-Fi,Shounen,PG-13 - Teens 13 or older,0.5544132176424807,high-score popular short/medium-length series
30503,Noragami Aragoto,TV,8.14,1560608,13,24.0,312.0,2015.0,Action|Adventure|Comedy|Supernatural,Shounen,PG-13 - Teens 13 or older,0.5540697652429549,high-score popular short/medium-length series
52215,Chi. Chikyuu no Undou ni Tsuite,TV,8.72,303845,25,25.0,625.0,2024.0,Drama,Seinen,R - 17+ (violence & profanity),0.5527359977971682,high-score popular short/medium-length series
59845,Kaoru Hana wa Rin to Saku,TV,8.5,472422,13,24.0,312.0,2025.0,Comedy|Drama|Romance,Shounen,PG-13 - Teens 13 or older,0.5527088848271867,high-score popular short/medium-length series
6547,Angel Beats!,TV,8.05,2207621,13,26.0,338.0,2010.0,Action|Comedy|Drama|Supernatural,Seinen,PG-13 - Teens 13 or older,0.5501662341128084,high-score popular short/medium-length series
32,"Shinseiki Evangelion Movie: Air/Magokoro wo, Kimi ni",Movie,8.57,1048339,1,86.0,86.0,1997.0,Action|Drama|Mecha|Psychological|Sci-Fi,Seinen,R+ - Mild Nudity,0.5501539668179112,high-score popular movie; low commitment
34612,Saiki Kusuo no Ψ-nan 2,TV,8.41,726499,24,24.0,576.0,2018.0,Comedy|Slice of Life|Supernatural,Shounen,PG-13 - Teens 13 or older,0.5492400067385024,high-score popular short/medium-length series
55690,Boku no Kokoro no Yabai Yatsu 2nd Season,TV,8.68,315688,13,23.0,299.0,2024.0,Comedy|Romance|Slice of Life,Shounen,PG-13 - Teens 13 or older,0.5485532945750291,high-score popular short/medium-length series
33050,Fate/stay night Movie: Heaven's Feel - III. Spring Song,Movie,8.63,410928,1,122.0,122.0,2020.0,Action|Drama|Fantasy|Psychological|Supernatural|Thriller,Seinen,R - 17+ (violence & profanity),0.5483449106940099,high-score popular movie; low commitment
60058,[Oshi no Ko] 3rd Season,TV,8.7,277612,11,27.0,297.0,2026.0,Drama|Mystery|Psychological|Supernatural,Seinen,PG-13 - Teens 13 or older,0.548009019761233,high-score popular short/medium-length series
4224,Toradora!,TV,8.04,2374908,25,23.0,575.0,2008.0,Comedy|Drama|Romance|Slice of Life,,PG-13 - Teens 13 or older,0.547851394652803,high-score popular short/medium-length series
