candidate_id,evaluated_users,hit_rate_at_12,recall_at_12,ndcg_at_12,map_at_12,mean_reciprocal_rank,median_rank,weight_latent_svd,weight_item_knn_collaborative,weight_popularity,weight_metadata_content,weight_graph_related,weight_people_staff_affinity,hit_at_12_Beginner,hit_at_12_Casual,hit_at_12_Fan,hit_at_12_Veteran,balanced_profile_hit_at_12
84,3000,0.9536666666666667,0.9536666666666667,0.7347439900432834,0.6652925324675325,0.6674171686172485,1.0,0.4629,0.0428,0.0664,0.0653,0.3296,0.033,0.9602888086642599,0.9648093841642229,0.9538590604026845,0.8874458874458875,0.9416007851692637
32,3000,0.9546666666666667,0.9546666666666667,0.7399266802066243,0.6716420634920633,0.6737227439880371,1.0,0.4866,0.0685,0.1696,0.0223,0.2087,0.0442,0.9530685920577617,0.9667644183773216,0.9580536912751678,0.8874458874458875,0.9413331472890346
26,3000,0.9533333333333334,0.9533333333333334,0.7417107885650309,0.6741870851370851,0.67641282081604,1.0,0.449,0.1233,0.1671,0.042,0.1829,0.0357,0.9548736462093863,0.9648093841642229,0.9563758389261745,0.8831168831168831,0.9397939381041667
31,3000,0.9496666666666667,0.9496666666666667,0.7425397007642671,0.676279316979317,0.6786316633224487,1.0,0.4104,0.2455,0.0897,0.0975,0.1556,0.0012,0.9494584837545126,0.9608993157380255,0.950503355704698,0.8961038961038961,0.9392412628252831
112,3000,0.952,0.952,0.7071991178578861,0.6292808561808562,0.6316437721252441,2.0,0.2447,0.095,0.1547,0.0964,0.3917,0.0175,0.9530685920577617,0.9657869012707723,0.9530201342281879,0.8831168831168831,0.9387481276684012
53,3000,0.9543333333333334,0.9543333333333334,0.7415909163799819,0.6735705747955748,0.6756525039672852,1.0,0.4864,0.119,0.044,0.0073,0.285,0.0584,0.9530685920577617,0.967741935483871,0.9588926174496645,0.8744588744588745,0.9385405048625429
36,3000,0.9523333333333334,0.9523333333333334,0.7439165602003203,0.6773681818181818,0.6795856952667236,1.0,0.4576,0.1413,0.1625,0.0449,0.1255,0.0682,0.9548736462093863,0.9638318670576735,0.9555369127516778,0.8787878787878788,0.9382575762016542
82,3000,0.9506666666666667,0.9506666666666667,0.7372342629361743,0.6692041366041366,0.6715256571769714,1.0,0.4629,0.0654,0.0734,0.1045,0.2458,0.048,0.9566787003610109,0.9618768328445748,0.9513422818791947,0.8831168831168831,0.9382536745504159
48,3000,0.9523333333333334,0.9523333333333334,0.7425352603348129,0.6755288119288119,0.6778340935707092,1.0,0.3749,0.1588,0.2234,0.058,0.1369,0.0481,0.9530685920577617,0.9628543499511242,0.9572147651006712,0.8787878787878788,0.937981396474359
99,3000,0.9483333333333334,0.9483333333333334,0.7386503041862171,0.6715900432900433,0.674159586429596,1.0,0.2843,0.207,0.202,0.1513,0.1235,0.0319,0.9548736462093863,0.9589442815249267,0.947986577181208,0.8874458874458875,0.9373125980903522
29,3000,0.9503333333333334,0.9503333333333334,0.7445599057428511,0.6787158249158249,0.6809172034263611,1.0,0.4671,0.2387,0.0662,0.0043,0.2222,0.0016,0.944043321299639,0.9618768328445748,0.9555369127516778,0.8874458874458875,0.9372257385854448
4,3000,0.9493333333333334,0.9493333333333334,0.7403018197851009,0.6734908369408369,0.6758652925491333,1.0,0.4,0.15,0.1,0.15,0.15,0.05,0.9548736462093863,0.9618768328445748,0.9488255033557047,0.8831168831168831,0.9371732163816372
56,3000,0.95,0.95,0.742231475741492,0.6756947210197211,0.6780270338058472,1.0,0.3933,0.1692,0.0542,0.1356,0.191,0.0567,0.9512635379061372,0.9618768328445748,0.9521812080536913,0.8831168831168831,0.9371096154803216
121,3000,0.9513333333333334,0.9513333333333334,0.7405669868212077,0.6733925925925927,0.6756609678268433,1.0,0.4681,0.1671,0.2552,0.0076,0.0683,0.0338,0.9494584837545126,0.9618768328445748,0.9572147651006712,0.8787878787878788,0.9368344901219093
9,3000,0.947,0.947,0.731589985022191,0.6626558441558441,0.6653419733047485,1.0,0.188,0.2563,0.1971,0.1822,0.1531,0.0232,0.9548736462093863,0.9579667644183774,0.9454697986577181,0.8874458874458875,0.9364390241828423
91,3000,0.951,0.951,0.7176782825058581,0.6431784151034151,0.6456431150436401,2.0,0.2136,0.1433,0.158,0.1153,0.3203,0.0495,0.9530685920577617,0.9638318670576735,0.9538590604026845,0.8744588744588745,0.9363045984942485
66,3000,0.9503333333333334,0.9503333333333334,0.7394357233916575,0.6721662337662337,0.6747002601623535,1.0,0.1504,0.2358,0.4016,0.0685,0.0893,0.0544,0.9548736462093863,0.9648093841642229,0.950503355704698,0.8744588744588745,0.9361613151342955
110,3000,0.948,0.948,0.7353853531515328,0.6677750240500241,0.6701990365982056,1.0,0.6019,0.0005,0.0646,0.0804,0.2485,0.0041,0.9476534296028881,0.9589442815249267,0.950503355704698,0.8874458874458875,0.9361367385696001
124,3000,0.9493333333333334,0.9493333333333334,0.7409927365109753,0.6743620009620009,0.676717221736908,1.0,0.4149,0.1724,0.1066,0.1409,0.1198,0.0455,0.9530685920577617,0.9628543499511242,0.9496644295302014,0.8787878787878788,0.9360938125817415
60,3000,0.9493333333333334,0.9493333333333334,0.7446762646253116,0.6790803391053392,0.6813984513282776,1.0,0.4332,0.2136,0.0651,0.0342,0.1551,0.0989,0.9458483754512635,0.9599217986314761,0.9546979865771812,0.8831168831168831,0.935896260944201
5,3000,0.9486666666666667,0.9486666666666667,0.7328372359664915,0.6639725228475228,0.6664500832557678,1.0,0.35,0.1,0.1,0.15,0.25,0.05,0.9548736462093863,0.9608993157380255,0.9488255033557047,0.8787878787878788,0.9358465860227488
21,3000,0.9476666666666667,0.9476666666666667,0.7378283118486036,0.6709632034632035,0.6733698844909668,1.0,0.608,0.0303,0.0851,0.0919,0.1746,0.0101,0.9530685920577617,0.9589442815249267,0.947986577181208,0.8831168831168831,0.9357790834701949
73,3000,0.9476666666666667,0.9476666666666667,0.7405610222801533,0.6744053270803271,0.6767544150352478,1.0,0.494,0.2002,0.1098,0.0397,0.0616,0.0946,0.9422382671480144,0.9599217986314761,0.9513422818791947,0.8874458874458875,0.9352370587761432
2,3000,0.949,0.949,0.740715154114844,0.6741112554112554,0.6765197515487671,1.0,0.45,0.15,0.12,0.12,0.11,0.05,0.9530685920577617,0.9618768328445748,0.950503355704698,0.8744588744588745,0.9349769137664773
18,3000,0.9473333333333334,0.9473333333333334,0.7400349357381301,0.6737580086580087,0.6762444376945496,1.0,0.4775,0.1984,0.1801,0.0211,0.048,0.075,0.9476534296028881,0.9589442815249267,0.9496644295302014,0.8831168831168831,0.9348447559437248
12,3000,0.945,0.945,0.7406628876784414,0.6752609066859067,0.6777864694595337,1.0,0.3525,0.3302,0.0909,0.0609,0.1534,0.012,0.9458483754512635,0.956989247311828,0.9446308724832215,0.8917748917748918,0.9348108467553014
50,3000,0.949,0.949,0.7385710732327215,0.671444733044733,0.6739038228988647,1.0,0.4833,0.1518,0.2258,0.0569,0.0794,0.0029,0.9494584837545126,0.9638318670576735,0.950503355704698,0.8744588744588745,0.9345631452439397
22,3000,0.947,0.947,0.7341210134147532,0.6664673039923039,0.6690251231193542,1.0,0.427,0.0586,0.2451,0.0556,0.2081,0.0057,0.9476534296028881,0.9560117302052786,0.9513422818791947,0.8831168831168831,0.9345310812010611
41,3000,0.9466666666666667,0.9466666666666667,0.7373260445477746,0.6707500481000481,0.6730706691741943,1.0,0.7577,0.0537,0.0852,0.0075,0.0917,0.0042,0.9494584837545126,0.9540566959921799,0.9513422818791947,0.8831168831168831,0.9344935861856926
81,3000,0.9473333333333334,0.9473333333333334,0.7387509773118324,0.6722316738816739,0.6746790409088135,1.0,0.606,0.0921,0.1289,0.0474,0.0843,0.0414,0.9494584837545126,0.9540566959921799,0.9538590604026845,0.8787878787878788,0.934040529734314
63,3000,0.9463333333333334,0.9463333333333334,0.7365131760729563,0.6698259259259259,0.6723383069038391,1.0,0.5745,0.0388,0.1612,0.0831,0.1159,0.0265,0.9512635379061372,0.956989247311828,0.947986577181208,0.8787878787878788,0.933756810296763
115,3000,0.947,0.947,0.740005727143461,0.6738102693602694,0.6762797236442566,1.0,0.5753,0.1523,0.1242,0.0494,0.0904,0.0084,0.9476534296028881,0.956989247311828,0.9513422818791947,0.8787878787878788,0.9336932093954474
107,3000,0.9466666666666667,0.9466666666666667,0.7388743759755052,0.6724571669071668,0.6748404502868652,1.0,0.5851,0.1277,0.0672,0.0663,0.0745,0.0793,0.9494584837545126,0.9560117302052786,0.950503355704698,0.8787878787878788,0.9336903621130921
13,3000,0.947,0.947,0.737946505635612,0.671264911014911,0.6737631559371948,1.0,0.549,0.0975,0.1428,0.1044,0.0948,0.0116,0.9530685920577617,0.9579667644183774,0.9488255033557047,0.8744588744588745,0.9335799335726795
70,3000,0.9466666666666667,0.9466666666666667,0.7381260325318696,0.6715050144300144,0.6739553213119507,1.0,0.622,0.1225,0.1107,0.0474,0.0799,0.0175,0.9476534296028881,0.9560117302052786,0.9513422818791947,0.8787878787878788,0.9334488301188101
3,3000,0.9466666666666667,0.9466666666666667,0.7378626566840681,0.6712817821067821,0.6736994385719299,1.0,0.65,0.1,0.1,0.05,0.07,0.03,0.9476534296028881,0.9550342130987293,0.9521812080536913,0.8787878787878788,0.9334141823857969
105,3000,0.9456666666666667,0.9456666666666667,0.7307169932709587,0.662430339105339,0.6651017665863037,1.0,0.2201,0.1939,0.3279,0.191,0.0576,0.0094,0.9512635379061372,0.9579667644183774,0.9454697986577181,0.8787878787878788,0.9333719949425279
85,3000,0.9453333333333334,0.9453333333333334,0.7361028802704037,0.669372077922078,0.6720062494277954,1.0,0.4001,0.1148,0.1735,0.1726,0.1049,0.0341,0.9530685920577617,0.9560117302052786,0.9454697986577181,0.8787878787878788,0.9333344999271593
64,3000,0.945,0.945,0.7363998449551878,0.6699357263107263,0.6725015640258789,1.0,0.54,0.0962,0.1375,0.1506,0.0674,0.0083,0.9530685920577617,0.9550342130987293,0.9454697986577181,0.8787878787878788,0.933090120650522
23,3000,0.9476666666666667,0.9476666666666667,0.738911877799068,0.6724074194324193,0.6748388409614563,1.0,0.5198,0.042,0.1141,0.0429,0.1756,0.1056,0.9458483754512635,0.956989247311828,0.9546979865771812,0.8744588744588745,0.9329986209497868
75,3000,0.9466666666666667,0.9466666666666667,0.739041677816098,0.6726891895141895,0.6750918030738831,1.0,0.4093,0.104,0.0208,0.1392,0.1959,0.1308,0.9476534296028881,0.9618768328445748,0.9471476510067114,0.8744588744588745,0.9327841969782622
79,3000,0.9463333333333334,0.9463333333333334,0.7363125940796506,0.669650036075036,0.6721726059913635,1.0,0.4408,0.1065,0.2497,0.1233,0.0534,0.0263,0.9512635379061372,0.9540566959921799,0.9513422818791947,0.8744588744588745,0.9327803475590966
11,3000,0.9456666666666667,0.9456666666666667,0.7381807343427584,0.6720233645983645,0.6744127869606018,1.0,0.5758,0.0921,0.032,0.1563,0.0878,0.0561,0.9512635379061372,0.956989247311828,0.9471476510067114,0.8744588744588745,0.9324648276708877
52,3000,0.9476666666666667,0.9476666666666667,0.741082479053296,0.6750309042809042,0.6772955060005188,1.0,0.6058,0.1079,0.0271,0.05,0.1131,0.0962,0.9476534296028881,0.9589442815249267,0.9530201342281879,0.8701298701298701,0.9324369288714682
67,3000,0.9456666666666667,0.9456666666666667,0.7373685643602966,0.6710595598845599,0.6736389398574829,1.0,0.5074,0.0898,0.2063,0.089,0.0647,0.0428,0.9494584837545126,0.956989247311828,0.947986577181208,0.8744588744588745,0.9322232956766058
24,3000,0.9453333333333334,0.9453333333333334,0.7391001680783801,0.6730501082251081,0.675513505935669,1.0,0.5805,0.1428,0.0479,0.0911,0.0816,0.0561,0.9476534296028881,0.9540566959921799,0.950503355704698,0.8744588744588745,0.9316680889396601
47,3000,0.945,0.945,0.7400421771764965,0.6744604256854256,0.6768485903739929,1.0,0.6368,0.1045,0.0012,0.1205,0.1181,0.0188,0.9494584837545126,0.9530791788856305,0.9496644295302014,0.8744588744588745,0.9316652416573047
40,3000,0.9436666666666667,0.9436666666666667,0.7298385208894472,0.6617262866762866,0.6643531322479248,1.0,0.2397,0.383,0.1458,0.1093,0.1,0.0221,0.9458483754512635,0.9579667644183774,0.9429530201342282,0.8787878787878788,0.931389009697937
88,3000,0.9433333333333334,0.9433333333333334,0.7374044037909354,0.6716436868686868,0.6743464469909668,1.0,0.4568,0.2397,0.1427,0.1161,0.0108,0.0339,0.9458483754512635,0.9560117302052786,0.9437919463087249,0.8787878787878788,0.9311099826882865
104,3000,0.9433333333333334,0.9433333333333334,0.73417839693626,0.6675944324194325,0.6703618764877319,1.0,0.3919,0.1178,0.2171,0.1727,0.0652,0.0352,0.9512635379061372,0.9530791788856305,0.9446308724832215,0.8744588744588745,0.9308581159334659
101,3000,0.944,0.944,0.7369891731079267,0.6709496031746032,0.6735792756080627,1.0,0.3746,0.2796,0.1837,0.0192,0.0201,0.1227,0.9386281588447654,0.9579667644183774,0.9471476510067114,0.8787878787878788,0.9306326132644333
126,3000,0.945,0.945,0.7365623505650354,0.6701935906685906,0.6727274060249329,1.0,0.6465,0.0384,0.1017,0.0657,0.0939,0.0538,0.9476534296028881,0.9530791788856305,0.9513422818791947,0.8701298701298701,0.9305511901243959
98,3000,0.9426666666666667,0.9426666666666667,0.7373868882869911,0.6716940355940355,0.6743234395980835,1.0,0.4499,0.2226,0.0494,0.1613,0.0533,0.0636,0.944043321299639,0.9530791788856305,0.9454697986577181,0.8787878787878788,0.9303450444077166
30,3000,0.9426666666666667,0.9426666666666667,0.7368546215461301,0.671148581048581,0.6736304759979248,1.0,0.7105,0.0684,0.0167,0.0185,0.0763,0.1096,0.9368231046931408,0.9550342130987293,0.9463087248322147,0.8831168831168831,0.930320731435242
46,3000,0.9446666666666667,0.9446666666666667,0.7371989636538604,0.671015404040404,0.673539936542511,1.0,0.5769,0.0418,0.0554,0.0831,0.1296,0.1131,0.9476534296028881,0.9521016617790812,0.9513422818791947,0.8701298701298701,0.9303068108477586
37,3000,0.9473333333333334,0.9473333333333334,0.7393375054553784,0.6729037878787879,0.6753689646720886,1.0,0.4773,0.057,0.068,0.0325,0.2348,0.1306,0.9458483754512635,0.9589442815249267,0.9546979865771812,0.8614718614718615,0.9302406262563083
100,3000,0.9443333333333334,0.9443333333333334,0.7350142634073754,0.6685017316017315,0.6712492108345032,1.0,0.286,0.1686,0.3995,0.0929,0.0316,0.0214,0.9476534296028881,0.9521016617790812,0.950503355704698,0.8701298701298701,0.9300970793041343
106,3000,0.9433333333333334,0.9433333333333334,0.7385221263555107,0.6729652717652718,0.6754380464553833,1.0,0.6015,0.1587,0.0178,0.1275,0.0843,0.0102,0.944043321299639,0.9521016617790812,0.9488255033557047,0.8744588744588745,0.9298573402233249
27,3000,0.9426666666666667,0.9426666666666667,0.7358436215897629,0.6699377224627224,0.6723677515983582,1.0,0.7641,0.0666,0.0197,0.0246,0.0414,0.0835,0.9404332129963899,0.9521016617790812,0.947986577181208,0.8787878787878788,0.9298273326861395
65,3000,0.9456666666666667,0.9456666666666667,0.7295834417766737,0.6607281144781145,0.6632513999938965,1.0,0.4679,0.0035,0.0225,0.0114,0.3785,0.1162,0.9404332129963899,0.9589442815249267,0.9521812080536913,0.8658008658008658,0.9293398920939684
120,3000,0.9413333333333334,0.9413333333333334,0.7192356054575836,0.6484129268879268,0.651381254196167,1.5,0.1472,0.219,0.2305,0.2509,0.1317,0.0207,0.9530685920577617,0.9579667644183774,0.9354026845637584,0.8701298701298701,0.9291419777924419
77,3000,0.9433333333333334,0.9433333333333334,0.7395499194529205,0.6743016835016835,0.6766501665115356,1.0,0.711,0.1583,0.0062,0.0267,0.0972,0.0005,0.9386281588447654,0.9521016617790812,0.9513422818791947,0.8744588744588745,0.9291327442404789
71,3000,0.942,0.942,0.7331065753975621,0.6666739177489177,0.6692968010902405,1.0,0.6443,0.066,0.1292,0.1296,0.0225,0.0084,0.9458483754512635,0.9481915933528837,0.947986577181208,0.8744588744588745,0.9291213551110574
34,3000,0.9426666666666667,0.9426666666666667,0.7359998834645027,0.670189886964887,0.6728674173355103,1.0,0.5936,0.0397,0.1304,0.0593,0.0809,0.096,0.9458483754512635,0.9521016617790812,0.9471476510067114,0.8701298701298701,0.9288068895917316
59,3000,0.943,0.943,0.7365189993306022,0.6706912578162578,0.673235297203064,1.0,0.5653,0.089,0.0607,0.1463,0.0491,0.0897,0.9476534296028881,0.9530791788856305,0.9471476510067114,0.8658008658008658,0.928420281324024
55,3000,0.9416666666666667,0.9416666666666667,0.7346934571022409,0.6686598605098605,0.6712404489517212,1.0,0.7091,0.0914,0.0413,0.089,0.028,0.0411,0.9386281588447654,0.9521016617790812,0.9471476510067114,0.8744588744588745,0.9280840865223581
90,3000,0.9396666666666667,0.9396666666666667,0.736893142295989,0.6721152116402116,0.6747661828994751,1.0,0.4259,0.2767,0.0192,0.1304,0.0582,0.0895,0.9404332129963899,0.9491691104594331,0.9429530201342282,0.8787878787878788,0.9278358055944825
10,3000,0.942,0.942,0.7383724695684303,0.6733796296296296,0.6758827567100525,1.0,0.5606,0.2748,0.0854,0.008,0.0458,0.0254,0.9350180505415162,0.9521016617790812,0.9496644295302014,0.8744588744588745,0.9278107540774183
94,3000,0.941,0.941,0.7323063279389891,0.6660368205868206,0.6688404083251953,1.0,0.4962,0.0946,0.2798,0.1015,0.0097,0.0182,0.9386281588447654,0.9521016617790812,0.9454697986577181,0.8744588744588745,0.9276646234351097
123,3000,0.941,0.941,0.7331437790956676,0.6671777296777297,0.6699345707893372,1.0,0.6176,0.0167,0.1883,0.0761,0.0722,0.0292,0.9386281588447654,0.9491691104594331,0.947986577181208,0.8744588744588745,0.9275606802360702
43,3000,0.9406666666666667,0.9406666666666667,0.7350166624790322,0.6694518999518999,0.6720666289329529,1.0,0.6735,0.02,0.0088,0.1433,0.0942,0.0602,0.9458483754512635,0.9491691104594331,0.9446308724832215,0.8701298701298701,0.9274445571309471
92,3000,0.941,0.941,0.7327987022475163,0.666816871091871,0.6695457100868225,1.0,0.5543,0.0532,0.2641,0.0443,0.0195,0.0645,0.9368231046931408,0.9521016617790812,0.9463087248322147,0.8744588744588745,0.9274230914408278
103,3000,0.9403333333333334,0.9403333333333334,0.7333388742483897,0.6672854256854257,0.6700368523597717,1.0,0.7037,0.1055,0.1243,0.041,0.0065,0.019,0.9404332129963899,0.9481915933528837,0.9463087248322147,0.8744588744588745,0.9273481014100907
95,3000,0.9406666666666667,0.9406666666666667,0.7361394369761892,0.670960088985089,0.6735442876815796,1.0,0.5338,0.1864,0.0501,0.042,0.0271,0.1607,0.9350180505415162,0.9560117302052786,0.9429530201342282,0.8744588744588745,0.9271104188349744
117,3000,0.943,0.943,0.7381869758922712,0.6728609788359787,0.6755030155181885,1.0,0.4843,0.0579,0.1479,0.0109,0.1329,0.166,0.9422382671480144,0.9540566959921799,0.9496644295302014,0.8614718614718615,0.9268578135355643
102,3000,0.94,0.94,0.7323602769778633,0.6661025613275613,0.6687004566192627,1.0,0.3305,0.3915,0.083,0.0212,0.1659,0.008,0.9350180505415162,0.9560117302052786,0.9412751677852349,0.8744588744588745,0.926690955747726
57,3000,0.9413333333333334,0.9413333333333334,0.7324087619839446,0.6660290283790283,0.6688778400421143,1.0,0.3744,0.1372,0.2862,0.1693,0.0111,0.0219,0.9476534296028881,0.9521016617790812,0.9446308724832215,0.8614718614718615,0.9264644563342632
83,3000,0.9393333333333334,0.9393333333333334,0.7309040546325422,0.6645579365079364,0.6675116419792175,1.0,0.4119,0.0579,0.1346,0.2035,0.1515,0.0405,0.9494584837545126,0.9501466275659824,0.9395973154362416,0.8658008658008658,0.9262508231394007
116,3000,0.9386666666666666,0.9386666666666666,0.7358613448063774,0.6709006493506493,0.6736344695091248,1.0,0.6263,0.1603,0.0215,0.1336,0.0376,0.0206,0.9404332129963899,0.946236559139785,0.9437919463087249,0.8744588744588745,0.9262301482259435
6,3000,0.9403333333333334,0.9403333333333334,0.7355062310793878,0.6701522847522847,0.672902524471283,1.0,0.4,0.1,0.1,0.1,0.1,0.2,0.944043321299639,0.9521016617790812,0.9429530201342282,0.8658008658008658,0.9262247172534536
16,3000,0.9366666666666666,0.9366666666666666,0.7319512489754431,0.666800493025493,0.6695619821548462,1.0,0.6279,0.064,0.011,0.2343,0.0445,0.0183,0.9422382671480144,0.9442815249266863,0.9387583892617449,0.8787878787878788,0.9260165150310812
108,3000,0.936,0.936,0.730727377222832,0.6655722582972583,0.6684707999229431,1.0,0.5744,0.0457,0.0511,0.2508,0.0718,0.0061,0.944043321299639,0.946236559139785,0.9345637583892618,0.8787878787878788,0.9259078794041412
7,3000,0.9376666666666666,0.9376666666666666,0.7343768218699062,0.6693408970658971,0.6720659732818604,1.0,0.6359,0.1931,0.0251,0.1231,0.0196,0.0031,0.9350180505415162,0.946236559139785,0.9429530201342282,0.8787878787878788,0.9257488771508521
86,3000,0.9396666666666667,0.9396666666666667,0.7307076556536837,0.664192857142857,0.6671066284179688,1.0,0.3633,0.0656,0.1346,0.2092,0.1485,0.0787,0.9512635379061372,0.9472140762463344,0.9429530201342282,0.8614718614718615,0.9257256239396403
58,3000,0.938,0.938,0.7334806877838486,0.6682247715247714,0.6709747910499573,1.0,0.4494,0.3499,0.0982,0.0236,0.0573,0.0216,0.9368231046931408,0.9521016617790812,0.9387583892617449,0.8744588744588745,0.9255355075482103
93,3000,0.9376666666666666,0.9376666666666666,0.7294309203230857,0.6630357503607504,0.6660183072090149,1.0,0.3676,0.102,0.0251,0.2658,0.1742,0.0653,0.9512635379061372,0.9511241446725318,0.9337248322147651,0.8658008658008658,0.925478345148575
8,3000,0.9383333333333334,0.9383333333333334,0.7306939978657906,0.6648380110630111,0.667547345161438,1.0,0.7187,0.0227,0.1034,0.1417,0.0079,0.0056,0.9368231046931408,0.9442815249266863,0.9463087248322147,0.8744588744588745,0.9254680572277291
19,3000,0.9386666666666666,0.9386666666666666,0.7261949309125845,0.6585958633958633,0.6613772511482239,1.0,0.2783,0.4117,0.1101,0.0584,0.1299,0.0117,0.9422382671480144,0.9540566959921799,0.9379194630872483,0.8658008658008658,0.9250038230070772
1,3000,0.9366666666666666,0.9366666666666666,0.7295176021755927,0.6635453703703704,0.6665080189704895,1.0,0.5,0.0,0.15,0.15,0.12,0.08,0.9476534296028881,0.9423264907135875,0.9395973154362416,0.8701298701298701,0.9249267764706468
61,3000,0.9386666666666666,0.9386666666666666,0.7356792368231515,0.6708998075998076,0.6735538244247437,1.0,0.5128,0.242,0.0246,0.1088,0.0088,0.103,0.9350180505415162,0.9491691104594331,0.9446308724832215,0.8701298701298701,0.9247369759035102
49,3000,0.9393333333333334,0.9393333333333334,0.7374443205611051,0.673075529100529,0.6757284998893738,1.0,0.4578,0.1928,0.0116,0.0872,0.0632,0.1875,0.9368231046931408,0.9521016617790812,0.9437919463087249,0.8658008658008658,0.9246293946454531
17,3000,0.9383333333333334,0.9383333333333334,0.7284909543905772,0.6618247474747475,0.6645948886871338,1.0,0.3237,0.4012,0.1301,0.0561,0.0687,0.0203,0.9404332129963899,0.9521016617790812,0.9395973154362416,0.8658008658008658,0.9244832640031446
118,3000,0.937,0.937,0.7228198053682136,0.6546862914862915,0.6577039361000061,1.0,0.3685,0.041,0.0626,0.2452,0.2234,0.0593,0.9548736462093863,0.9452590420332356,0.9362416107382551,0.8614718614718615,0.9244615401131846
20,3000,0.9376666666666666,0.9376666666666666,0.7328262367697405,0.6677052910052911,0.6704468727111816,1.0,0.7727,0.0095,0.0459,0.0734,0.0209,0.0777,0.9368231046931408,0.9472140762463344,0.9429530201342282,0.8701298701298701,0.9242800178008934
44,3000,0.938,0.938,0.735528135039175,0.6709808561808562,0.6737045049667358,1.0,0.6323,0.0418,0.0591,0.0324,0.0697,0.1647,0.9404332129963899,0.946236559139785,0.9437919463087249,0.8658008658008658,0.9240656460614414
39,3000,0.937,0.937,0.7323672828776674,0.6672734968734968,0.6701428294181824,1.0,0.5791,0.0493,0.0534,0.2147,0.0418,0.0617,0.944043321299639,0.9442815249266863,0.9412751677852349,0.8658008658008658,0.9238502199531065
42,3000,0.9396666666666667,0.9396666666666667,0.7330245996451775,0.6671133357383356,0.6699424386024475,1.0,0.4035,0.0418,0.1132,0.0038,0.2367,0.201,0.9350180505415162,0.9511241446725318,0.9471476510067114,0.8614718614718615,0.9236904269231552
14,3000,0.9353333333333333,0.9353333333333333,0.7268474853113512,0.660560582010582,0.6637157201766968,1.0,0.3824,0.0748,0.1618,0.2561,0.1189,0.0061,0.944043321299639,0.9433040078201369,0.9370805369127517,0.8701298701298701,0.9236394340405993
125,3000,0.9376666666666666,0.9376666666666666,0.7324339734346461,0.6669924603174603,0.6699205636978149,1.0,0.3326,0.1035,0.1056,0.0921,0.1309,0.2353,0.944043321299639,0.9472140762463344,0.9412751677852349,0.8614718614718615,0.9235011067007675
78,3000,0.937,0.937,0.7309866147012102,0.6654711159211159,0.6683474779129028,1.0,0.5826,0.0715,0.0971,0.1982,0.0035,0.047,0.9404332129963899,0.946236559139785,0.9412751677852349,0.8658008658008658,0.9234364514305688
68,3000,0.939,0.939,0.7379230530356141,0.6737712842712843,0.6766197681427002,1.0,0.3691,0.2056,0.079,0.0243,0.102,0.22,0.9314079422382672,0.9560117302052786,0.9437919463087249,0.8571428571428571,0.9220886189737819
33,3000,0.9303333333333333,0.9303333333333333,0.7159670639722914,0.6477800384800385,0.6511893272399902,1.0,0.2879,0.1666,0.1061,0.3431,0.0666,0.0297,0.9476534296028881,0.9413489736070382,0.9253355704697986,0.8658008658008658,0.9200347098701477
54,3000,0.9283333333333333,0.9283333333333333,0.7192779759460785,0.6528924963924964,0.656240701675415,1.0,0.3735,0.131,0.036,0.3591,0.0637,0.0368,0.9422382671480144,0.9384164222873901,0.924496644295302,0.8701298701298701,0.9188203009651441
35,3000,0.9283333333333333,0.9283333333333333,0.7209162578932451,0.655252405002405,0.6586571335792542,1.0,0.3922,0.0902,0.1785,0.3124,0.0079,0.0188,0.9422382671480144,0.9393939393939394,0.924496644295302,0.8658008658008658,0.9179824291595304
96,3000,0.9306666666666666,0.9306666666666666,0.7289497566803184,0.6647999639249639,0.667893648147583,1.0,0.4925,0.1168,0.0325,0.1158,0.0127,0.2297,0.9368231046931408,0.9384164222873901,0.9345637583892618,0.8614718614718615,0.9178187867104135
119,3000,0.9306666666666666,0.9306666666666666,0.7314856388640533,0.6679143458393458,0.6706939935684204,1.0,0.5329,0.3405,0.014,0.0035,0.053,0.0562,0.9259927797833934,0.9433040078201369,0.9345637583892618,0.8658008658008658,0.9174153529484145
87,3000,0.933,0.933,0.7251554051881449,0.6590373256373256,0.6622486114501953,1.0,0.3689,0.0436,0.1667,0.2122,0.0955,0.1131,0.9404332129963899,0.9423264907135875,0.9379194630872483,0.8484848484848485,0.9172910038205186
80,3000,0.9306666666666666,0.9306666666666666,0.726931410801056,0.6619984728234728,0.6652382016181946,1.0,0.4107,0.0589,0.0356,0.2111,0.0933,0.1904,0.9386281588447654,0.9335288367546432,0.9387583892617449,0.8571428571428571,0.9170145605010027
97,3000,0.9313333333333333,0.9313333333333333,0.7237268933236388,0.6577727152477153,0.6611126661300659,1.0,0.3439,0.1592,0.1855,0.0378,0.0183,0.2553,0.9350180505415162,0.9452590420332356,0.9328859060402684,0.8528138528138528,0.9164942128572182
122,3000,0.9303333333333333,0.9303333333333333,0.7262866858982365,0.6614790524290525,0.6646550297737122,1.0,0.4526,0.0191,0.1936,0.1462,0.0271,0.1614,0.9422382671480144,0.9403714565004888,0.9320469798657718,0.8484848484848485,0.9157853879997809
25,3000,0.9283333333333333,0.9283333333333333,0.7252507667003356,0.6605583814333813,0.6639249920845032,1.0,0.4038,0.0485,0.0603,0.208,0.0811,0.1982,0.9404332129963899,0.9296187683284457,0.9354026845637584,0.8571428571428571,0.9156493807578628
69,3000,0.931,0.931,0.7156823905871208,0.6472739417989417,0.6505956053733826,1.0,0.2823,0.0069,0.2696,0.1033,0.2096,0.1284,0.9422382671480144,0.9364613880742912,0.9379194630872483,0.8441558441558441,0.9151937406163495
76,3000,0.9256666666666666,0.9256666666666666,0.7170988215038797,0.6511828042328043,0.6546893119812012,1.0,0.3006,0.0459,0.4086,0.1656,0.0373,0.0422,0.9404332129963899,0.9305962854349951,0.9286912751677853,0.8528138528138528,0.9131336566032557
89,3000,0.9263333333333333,0.9263333333333333,0.7116959456536249,0.6433139610389611,0.6468579769134521,1.5,0.2933,0.0477,0.0149,0.2785,0.206,0.1596,0.9422382671480144,0.9364613880742912,0.9253355704697986,0.8484848484848485,0.9131300185442383
111,3000,0.926,0.926,0.7126177628605374,0.6446712481962481,0.6481688022613525,1.0,0.2913,0.0291,0.0259,0.1505,0.2543,0.2489,0.9422382671480144,0.9345063538611925,0.9261744966442953,0.8484848484848485,0.9128509915345877
72,3000,0.9273333333333333,0.9273333333333333,0.7276037946640718,0.6640364478114478,0.6672636866569519,1.0,0.527,0.0452,0.0272,0.1409,0.0301,0.2298,0.9332129963898917,0.9335288367546432,0.9345637583892618,0.8484848484848485,0.9124476100046613
51,3000,0.9263333333333333,0.9263333333333333,0.7152436390599957,0.6483001803751803,0.6519213318824768,1.0,0.2325,0.0473,0.3064,0.1622,0.1104,0.1412,0.9368231046931408,0.9345063538611925,0.9303691275167785,0.8441558441558441,0.9114636075567389
38,3000,0.9243333333333333,0.9243333333333333,0.7181355258754314,0.6526781986531986,0.6563875675201416,1.0,0.3693,0.0528,0.2103,0.2902,0.0696,0.0078,0.9386281588447654,0.9354838709677419,0.9228187919463087,0.8484848484848485,0.9113539175609162
109,3000,0.923,0.923,0.718083982600289,0.6529309644059644,0.6566469073295593,1.0,0.3734,0.0443,0.0692,0.3306,0.1154,0.067,0.9404332129963899,0.9286412512218963,0.924496644295302,0.8484848484848485,0.9105139892496092
45,3000,0.9236666666666666,0.9236666666666666,0.7185119898250326,0.6532680014430015,0.6567947864532471,1.0,0.3483,0.0176,0.0949,0.1848,0.1153,0.2391,0.9350180505415162,0.9286412512218963,0.9295302013422819,0.8441558441558441,0.9093363368153847
113,3000,0.9206666666666666,0.9206666666666666,0.7057472315973622,0.6378859668109669,0.6416975259780884,1.0,0.213,0.0682,0.3142,0.2159,0.023,0.1657,0.9386281588447654,0.9305962854349951,0.9203020134228188,0.8354978354978355,0.9062560733001037
15,3000,0.9206666666666666,0.9206666666666666,0.7187132638518443,0.6546193482443482,0.6582238078117371,1.0,0.3913,0.0261,0.0158,0.0584,0.1835,0.3249,0.9223826714801444,0.9286412512218963,0.9278523489932886,0.8441558441558441,0.9057580289627933
28,3000,0.9176666666666666,0.9176666666666666,0.7016102675917659,0.6332562169312169,0.6373231410980225,2.0,0.2547,0.0982,0.218,0.3578,0.0211,0.0502,0.9350180505415162,0.9305962854349951,0.9135906040268457,0.8398268398268398,0.9047579449575491
114,3000,0.924,0.924,0.6980539804139358,0.6265794612794613,0.6299995183944702,2.0,0.2532,0.4642,0.1327,0.02,0.0453,0.0846,0.9332129963898917,0.9423264907135875,0.927013422818792,0.8051948051948052,0.9019369287792691
74,3000,0.9123333333333333,0.9123333333333333,0.694298081170929,0.6253616522366522,0.6296011805534363,2.0,0.1775,0.0296,0.2898,0.1356,0.1168,0.2507,0.9386281588447654,0.9217986314760508,0.9085570469798657,0.8268398268398268,0.8989559160351273
62,3000,0.874,0.874,0.6215207383336618,0.5427186147186147,0.5486185550689697,2.0,0.1147,0.0321,0.0559,0.3409,0.0965,0.3599,0.9133574007220217,0.8914956011730205,0.8573825503355704,0.7878787878787878,0.8625285850273501
