user_level,candidate_id,evaluated_users,hit_rate_at_12,recall_at_12,ndcg_at_12,map_at_12,mean_reciprocal_rank,median_rank,weight_latent_svd,weight_item_knn_collaborative,weight_popularity,weight_metadata_content,weight_graph_related,weight_people_staff_affinity
Beginner,84,554,0.9602888086642599,0.9602888086642599,0.7661844918499567,0.7040292038486984,0.7052969932556152,1.0,0.4629,0.0428,0.0664,0.0653,0.3296,0.033
Beginner,82,554,0.9566787003610109,0.9566787003610109,0.7720250741254853,0.7125093117872902,0.7139888405799866,1.0,0.4629,0.0654,0.0734,0.1045,0.2458,0.048
Beginner,9,554,0.9548736462093863,0.9548736462093863,0.7829782149587161,0.7273924130422326,0.7292814254760742,1.0,0.188,0.2563,0.1971,0.1822,0.1531,0.0232
Beginner,66,554,0.9548736462093863,0.9548736462093863,0.7803895668074053,0.7240115179645865,0.7262932658195496,1.0,0.1504,0.2358,0.4016,0.0685,0.0893,0.0544
Beginner,99,554,0.9548736462093863,0.9548736462093863,0.7774965523546326,0.7201601497179114,0.7220171093940735,1.0,0.2843,0.207,0.202,0.1513,0.1235,0.0319
Beginner,4,554,0.9548736462093863,0.9548736462093863,0.7749059733341788,0.7166819692541715,0.7182418704032898,1.0,0.4,0.15,0.1,0.15,0.15,0.05
Beginner,36,554,0.9548736462093863,0.9548736462093863,0.7735006325583553,0.7148713150066941,0.7164562344551086,1.0,0.4576,0.1413,0.1625,0.0449,0.1255,0.0682
Beginner,5,554,0.9548736462093863,0.9548736462093863,0.7726623837319286,0.7138431764785554,0.7155513763427734,1.0,0.35,0.1,0.1,0.15,0.25,0.05
Beginner,26,554,0.9548736462093863,0.9548736462093863,0.7714331580561621,0.7122121160027297,0.7139053344726562,1.0,0.449,0.1233,0.1671,0.042,0.1829,0.0357
Beginner,118,554,0.9548736462093863,0.9548736462093863,0.7702176463835415,0.7111692609436292,0.7127324342727661,1.0,0.3685,0.041,0.0626,0.2452,0.2234,0.0593
Beginner,124,554,0.9530685920577617,0.9530685920577617,0.7747271030670637,0.717039984684389,0.7186849117279053,1.0,0.4149,0.1724,0.1066,0.1409,0.1198,0.0455
Beginner,120,554,0.9530685920577617,0.9530685920577617,0.7740199109288212,0.7161446856392705,0.7183249592781067,1.0,0.1472,0.219,0.2305,0.2509,0.1317,0.0207
Beginner,48,554,0.9530685920577617,0.9530685920577617,0.7728098876078849,0.7143402175441886,0.7162443399429321,1.0,0.3749,0.1588,0.2234,0.058,0.1369,0.0481
Beginner,85,554,0.9530685920577617,0.9530685920577617,0.771507289022719,0.7128712342611261,0.7147560715675354,1.0,0.4001,0.1148,0.1735,0.1726,0.1049,0.0341
Beginner,2,554,0.9530685920577617,0.9530685920577617,0.7710537038537691,0.7121492126004761,0.7138315439224243,1.0,0.45,0.15,0.12,0.12,0.11,0.05
Beginner,53,554,0.9530685920577617,0.9530685920577617,0.7694788896208249,0.7099379561473423,0.7114746570587158,1.0,0.4864,0.119,0.044,0.0073,0.285,0.0584
Beginner,32,554,0.9530685920577617,0.9530685920577617,0.769411028952103,0.7100797818306844,0.7119395136833191,1.0,0.4866,0.0685,0.1696,0.0223,0.2087,0.0442
Beginner,64,554,0.9530685920577617,0.9530685920577617,0.7688775110811067,0.7098565594052959,0.7115888595581055,1.0,0.54,0.0962,0.1375,0.1506,0.0674,0.0083
Beginner,13,554,0.9530685920577617,0.9530685920577617,0.7679457505918369,0.7085298576273306,0.7102316617965698,1.0,0.549,0.0975,0.1428,0.1044,0.0948,0.0116
Beginner,21,554,0.9530685920577617,0.9530685920577617,0.7666170606208534,0.7066846911612255,0.708362877368927,1.0,0.608,0.0303,0.0851,0.0919,0.1746,0.0101
Beginner,91,554,0.9530685920577617,0.9530685920577617,0.7623344817946129,0.700516446048937,0.7025852799415588,1.0,0.2136,0.1433,0.158,0.1153,0.3203,0.0495
Beginner,112,554,0.9530685920577617,0.9530685920577617,0.7542823041152188,0.6901610874083799,0.692229151725769,1.0,0.2447,0.095,0.1547,0.0964,0.3917,0.0175
Beginner,56,554,0.9512635379061372,0.9512635379061372,0.7782133237251522,0.722031102671897,0.7237873673439026,1.0,0.3933,0.1692,0.0542,0.1356,0.191,0.0567
Beginner,93,554,0.9512635379061372,0.9512635379061372,0.7743722074745535,0.7175436677241732,0.7192916870117188,1.0,0.3676,0.102,0.0251,0.2658,0.1742,0.0653
Beginner,105,554,0.9512635379061372,0.9512635379061372,0.7739300000896231,0.7170115283833695,0.719481348991394,1.0,0.2201,0.1939,0.3279,0.191,0.0576,0.0094
Beginner,86,554,0.9512635379061372,0.9512635379061372,0.7729362375882511,0.7154562645537375,0.7174346446990967,1.0,0.3633,0.0656,0.1346,0.2092,0.1485,0.0787
Beginner,104,554,0.9512635379061372,0.9512635379061372,0.7718122008034372,0.714081115434906,0.7161490321159363,1.0,0.3919,0.1178,0.2171,0.1727,0.0652,0.0352
Beginner,11,554,0.9512635379061372,0.9512635379061372,0.770562683771009,0.7122881080011044,0.7138575911521912,1.0,0.5758,0.0921,0.032,0.1563,0.0878,0.0561
Beginner,79,554,0.9512635379061372,0.9512635379061372,0.7704335433233841,0.7124524643026448,0.7144945859909058,1.0,0.4408,0.1065,0.2497,0.1233,0.0534,0.0263
Beginner,63,554,0.9512635379061372,0.9512635379061372,0.768049392367434,0.7093537880090226,0.711208164691925,1.0,0.5745,0.0388,0.1612,0.0831,0.1159,0.0265
Beginner,31,554,0.9494584837545126,0.9494584837545126,0.775810601426768,0.719747696146613,0.7216073870658875,1.0,0.4104,0.2455,0.0897,0.0975,0.1556,0.0012
Beginner,47,554,0.9494584837545126,0.9494584837545126,0.7717925254517576,0.714492917832268,0.7159285545349121,1.0,0.6368,0.1045,0.0012,0.1205,0.1181,0.0188
Beginner,107,554,0.9494584837545126,0.9494584837545126,0.7712139961699653,0.713762300675658,0.7153849005699158,1.0,0.5851,0.1277,0.0672,0.0663,0.0745,0.0793
Beginner,83,554,0.9494584837545126,0.9494584837545126,0.7700686477485935,0.7122022832762905,0.7142844200134277,1.0,0.4119,0.0579,0.1346,0.2035,0.1515,0.0405
Beginner,67,554,0.9494584837545126,0.9494584837545126,0.7683844142776524,0.7102268169055173,0.7122851014137268,1.0,0.5074,0.0898,0.2063,0.089,0.0647,0.0428
Beginner,50,554,0.9494584837545126,0.9494584837545126,0.766697931544574,0.7079008236047947,0.709946870803833,1.0,0.4833,0.1518,0.2258,0.0569,0.0794,0.0029
Beginner,121,554,0.9494584837545126,0.9494584837545126,0.7666637335210703,0.707776188913373,0.7098034620285034,1.0,0.4681,0.1671,0.2552,0.0076,0.0683,0.0338
Beginner,81,554,0.9494584837545126,0.9494584837545126,0.7655835350431868,0.7063859325592178,0.7082210779190063,1.0,0.606,0.0921,0.1289,0.0474,0.0843,0.0414
Beginner,41,554,0.9494584837545126,0.9494584837545126,0.7654685458669468,0.7069111694562958,0.7084318995475769,1.0,0.7577,0.0537,0.0852,0.0075,0.0917,0.0042
Beginner,75,554,0.9476534296028881,0.9476534296028881,0.7757722162991453,0.7197051744885681,0.7215383648872375,1.0,0.4093,0.104,0.0208,0.1392,0.1959,0.1308
Beginner,18,554,0.9476534296028881,0.9476534296028881,0.7723605067872289,0.7157778793609118,0.7177367210388184,1.0,0.4775,0.1984,0.1801,0.0211,0.048,0.075
Beginner,52,554,0.9476534296028881,0.9476534296028881,0.7702405800427989,0.7128461640645756,0.7145072221755981,1.0,0.6058,0.1079,0.0271,0.05,0.1131,0.0962
Beginner,59,554,0.9476534296028881,0.9476534296028881,0.7699565572672432,0.7124600830377004,0.7143339514732361,1.0,0.5653,0.089,0.0607,0.1463,0.0491,0.0897
Beginner,57,554,0.9476534296028881,0.9476534296028881,0.7698956722160373,0.7130833216122024,0.7155267000198364,1.0,0.3744,0.1372,0.2862,0.1693,0.0111,0.0219
Beginner,24,554,0.9476534296028881,0.9476534296028881,0.7684994586069104,0.7106442193987319,0.7123746871948242,1.0,0.5805,0.1428,0.0479,0.0911,0.0816,0.0561
Beginner,100,554,0.9476534296028881,0.9476534296028881,0.7683784741003693,0.7108715442199197,0.7135117650032043,1.0,0.286,0.1686,0.3995,0.0929,0.0316,0.0214
Beginner,126,554,0.9476534296028881,0.9476534296028881,0.7673547173132452,0.709349425143649,0.7112908363342285,1.0,0.6465,0.0384,0.1017,0.0657,0.0939,0.0538
Beginner,115,554,0.9476534296028881,0.9476534296028881,0.7672642149846485,0.7091364261490616,0.7110223174095154,1.0,0.5753,0.1523,0.1242,0.0494,0.0904,0.0084
Beginner,1,554,0.9476534296028881,0.9476534296028881,0.7667289295651996,0.7083601616995119,0.7103726863861084,1.0,0.5,0.0,0.15,0.15,0.12,0.08
Beginner,70,554,0.9476534296028881,0.9476534296028881,0.7666097951345485,0.7084216976364991,0.7102818489074707,1.0,0.622,0.1225,0.1107,0.0474,0.0799,0.0175
Beginner,22,554,0.9476534296028881,0.9476534296028881,0.7663567759456645,0.7078299107631238,0.7101574540138245,1.0,0.427,0.0586,0.2451,0.0556,0.2081,0.0057
Beginner,46,554,0.9476534296028881,0.9476534296028881,0.7663202124506121,0.7076480378826949,0.7094766497612,1.0,0.5769,0.0418,0.0554,0.0831,0.1296,0.1131
Beginner,3,554,0.9476534296028881,0.9476534296028881,0.7654317376882924,0.706913839269435,0.7087510228157043,1.0,0.65,0.1,0.1,0.05,0.07,0.03
Beginner,33,554,0.9476534296028881,0.9476534296028881,0.7645636944489836,0.705932455029928,0.7080884575843811,1.0,0.2879,0.1666,0.1061,0.3431,0.0666,0.0297
Beginner,110,554,0.9476534296028881,0.9476534296028881,0.7639092672135249,0.7047290855955116,0.7068036198616028,1.0,0.6019,0.0005,0.0646,0.0804,0.2485,0.0041
Beginner,40,554,0.9458483754512635,0.9458483754512635,0.7834133586878544,0.730998353832289,0.733161211013794,1.0,0.2397,0.383,0.1458,0.1093,0.1,0.0221
Beginner,12,554,0.9458483754512635,0.9458483754512635,0.7801727460454253,0.7267279551575581,0.7286975979804993,1.0,0.3525,0.3302,0.0909,0.0609,0.1534,0.012
Beginner,60,554,0.9458483754512635,0.9458483754512635,0.7744860415022584,0.7186953339480414,0.7206555604934692,1.0,0.4332,0.2136,0.0651,0.0342,0.1551,0.0989
Beginner,37,554,0.9458483754512635,0.9458483754512635,0.7734343057704615,0.7173078776418127,0.7193198204040527,1.0,0.4773,0.057,0.068,0.0325,0.2348,0.1306
Beginner,88,554,0.9458483754512635,0.9458483754512635,0.7725597425111731,0.7166195216736733,0.71864253282547,1.0,0.4568,0.2397,0.1427,0.1161,0.0108,0.0339
Beginner,23,554,0.9458483754512635,0.9458483754512635,0.7690861582223277,0.7117294007636967,0.7138135433197021,1.0,0.5198,0.042,0.1141,0.0429,0.1756,0.1056
Beginner,34,554,0.9458483754512635,0.9458483754512635,0.7655315555139488,0.7073537723808482,0.7094005346298218,1.0,0.5936,0.0397,0.1304,0.0593,0.0809,0.096
Beginner,71,554,0.9458483754512635,0.9458483754512635,0.7652831770817892,0.7076423075520548,0.7097185254096985,1.0,0.6443,0.066,0.1292,0.1296,0.0225,0.0084
Beginner,43,554,0.9458483754512635,0.9458483754512635,0.7648866087581084,0.7065178603987268,0.7083648443222046,1.0,0.6735,0.02,0.0088,0.1433,0.0942,0.0602
Beginner,98,554,0.944043321299639,0.944043321299639,0.7746742253975186,0.7198234927928068,0.7218660712242126,1.0,0.4499,0.2226,0.0494,0.1613,0.0533,0.0636
Beginner,6,554,0.944043321299639,0.944043321299639,0.7700208215575349,0.7132048306687295,0.7153294682502747,1.0,0.4,0.1,0.1,0.1,0.1,0.2
Beginner,29,554,0.944043321299639,0.944043321299639,0.7699139644737942,0.7135494319158578,0.7154734134674072,1.0,0.4671,0.2387,0.0662,0.0043,0.2222,0.0016
Beginner,106,554,0.944043321299639,0.944043321299639,0.7693352628784043,0.7130137111184043,0.714842677116394,1.0,0.6015,0.1587,0.0178,0.1275,0.0843,0.0102
Beginner,14,554,0.944043321299639,0.944043321299639,0.768515591102443,0.7120618901756086,0.7145856022834778,1.0,0.3824,0.0748,0.1618,0.2561,0.1189,0.0061
Beginner,125,554,0.944043321299639,0.944043321299639,0.7674512101371023,0.7097660462281401,0.711947500705719,1.0,0.3326,0.1035,0.1056,0.0921,0.1309,0.2353
Beginner,39,554,0.944043321299639,0.944043321299639,0.7669283456124607,0.7099158162335057,0.7120896577835083,1.0,0.5791,0.0493,0.0534,0.2147,0.0418,0.0617
Beginner,108,554,0.944043321299639,0.944043321299639,0.7655360643748941,0.7085127968701975,0.7107038497924805,1.0,0.5744,0.0457,0.0511,0.2508,0.0718,0.0061
Beginner,19,554,0.9422382671480144,0.9422382671480144,0.778620209135747,0.7261471731237074,0.7282671928405762,1.0,0.2783,0.4117,0.1101,0.0584,0.1299,0.0117
Beginner,73,554,0.9422382671480144,0.9422382671480144,0.7714587135260002,0.7159927667599147,0.7181473970413208,1.0,0.494,0.2002,0.1098,0.0397,0.0616,0.0946
Beginner,117,554,0.9422382671480144,0.9422382671480144,0.7693743310588043,0.7132840134193925,0.7155888676643372,1.0,0.4843,0.0579,0.1479,0.0109,0.1329,0.166
Beginner,122,554,0.9422382671480144,0.9422382671480144,0.7678428925995264,0.7114600101062196,0.7138261795043945,1.0,0.4526,0.0191,0.1936,0.1462,0.0271,0.1614
Beginner,35,554,0.9422382671480144,0.9422382671480144,0.7650350380633276,0.7084891592563073,0.711035430431366,1.0,0.3922,0.0902,0.1785,0.3124,0.0079,0.0188
Beginner,16,554,0.9422382671480144,0.9422382671480144,0.7645755169279523,0.7076919921234001,0.7097752690315247,1.0,0.6279,0.064,0.011,0.2343,0.0445,0.0183
Beginner,69,554,0.9422382671480144,0.9422382671480144,0.7634836579589652,0.7056831856470847,0.7084033489227295,1.0,0.2823,0.0069,0.2696,0.1033,0.2096,0.1284
Beginner,54,554,0.9422382671480144,0.9422382671480144,0.7628987465412914,0.7054968847838884,0.7078057527542114,1.0,0.3735,0.131,0.036,0.3591,0.0637,0.0368
Beginner,111,554,0.9422382671480144,0.9422382671480144,0.7618050631393865,0.703642601882674,0.7058679461479187,1.0,0.2913,0.0291,0.0259,0.1505,0.2543,0.2489
Beginner,89,554,0.9422382671480144,0.9422382671480144,0.7605620294691652,0.701764420897995,0.7041462659835815,1.0,0.2933,0.0477,0.0149,0.2785,0.206,0.1596
Beginner,90,554,0.9404332129963899,0.9404332129963899,0.7778569947736947,0.7253139309547252,0.7273721694946289,1.0,0.4259,0.2767,0.0192,0.1304,0.0582,0.0895
Beginner,17,554,0.9404332129963899,0.9404332129963899,0.7769055551495111,0.724494493673194,0.7266645431518555,1.0,0.3237,0.4012,0.1301,0.0561,0.0687,0.0203
Beginner,44,554,0.9404332129963899,0.9404332129963899,0.7665119573353374,0.7102466777105766,0.7123362421989441,1.0,0.6323,0.0418,0.0591,0.0324,0.0697,0.1647
Beginner,116,554,0.9404332129963899,0.9404332129963899,0.7660552197967864,0.7097632461802137,0.7117210626602173,1.0,0.6263,0.1603,0.0215,0.1336,0.0376,0.0206
Beginner,25,554,0.9404332129963899,0.9404332129963899,0.7646738290007224,0.7074673371153516,0.7098575234413147,1.0,0.4038,0.0485,0.0603,0.208,0.0811,0.1982
Beginner,87,554,0.9404332129963899,0.9404332129963899,0.7645823339700647,0.7074911049640291,0.7101949453353882,1.0,0.3689,0.0436,0.1667,0.2122,0.0955,0.1131
Beginner,78,554,0.9404332129963899,0.9404332129963899,0.7636108370626451,0.7067880324649278,0.7092702984809875,1.0,0.5826,0.0715,0.0971,0.1982,0.0035,0.047
Beginner,109,554,0.9404332129963899,0.9404332129963899,0.7632570772277544,0.7064082678252352,0.7089586853981018,1.0,0.3734,0.0443,0.0692,0.3306,0.1154,0.067
Beginner,65,554,0.9404332129963899,0.9404332129963899,0.7630684386935083,0.7054517584300978,0.7078176736831665,1.0,0.4679,0.0035,0.0225,0.0114,0.3785,0.1162
Beginner,76,554,0.9404332129963899,0.9404332129963899,0.7629022881292137,0.7062671584332234,0.7091131210327148,1.0,0.3006,0.0459,0.4086,0.1656,0.0373,0.0422
Beginner,27,554,0.9404332129963899,0.9404332129963899,0.7627608798146711,0.7056494548371804,0.7075320482254028,1.0,0.7641,0.0666,0.0197,0.0246,0.0414,0.0835
Beginner,103,554,0.9404332129963899,0.9404332129963899,0.7615676273239179,0.7042857663796291,0.7064633965492249,1.0,0.7037,0.1055,0.1243,0.041,0.0065,0.019
Beginner,101,554,0.9386281588447654,0.9386281588447654,0.7713890629490024,0.7171281536353739,0.7195748090744019,1.0,0.3746,0.2796,0.1837,0.0192,0.0201,0.1227
Beginner,38,554,0.9386281588447654,0.9386281588447654,0.7645966475503818,0.7089275295502733,0.711799681186676,1.0,0.3693,0.0528,0.2103,0.2902,0.0696,0.0078
Beginner,123,554,0.9386281588447654,0.9386281588447654,0.7642986760490286,0.7082526528826167,0.7109493017196655,1.0,0.6176,0.0167,0.1883,0.0761,0.0722,0.0292
Beginner,77,554,0.9386281588447654,0.9386281588447654,0.7637184537378194,0.707413029209058,0.7092104554176331,1.0,0.711,0.1583,0.0062,0.0267,0.0972,0.0005
Beginner,80,554,0.9386281588447654,0.9386281588447654,0.7636783862443137,0.7064903808586118,0.7090030908584595,1.0,0.4107,0.0589,0.0356,0.2111,0.0933,0.1904
Beginner,94,554,0.9386281588447654,0.9386281588447654,0.7629068292278113,0.7064161470298654,0.7092573642730713,1.0,0.4962,0.0946,0.2798,0.1015,0.0097,0.0182
Beginner,55,554,0.9386281588447654,0.9386281588447654,0.7616526558633323,0.7046037997301535,0.7068414092063904,1.0,0.7091,0.0914,0.0413,0.089,0.028,0.0411
Beginner,113,554,0.9386281588447654,0.9386281588447654,0.7582453838412687,0.7000453868233651,0.7031306028366089,1.0,0.213,0.0682,0.3142,0.2159,0.023,0.1657
Beginner,74,554,0.9386281588447654,0.9386281588447654,0.7557431873243076,0.6966708732502956,0.6994662880897522,1.0,0.1775,0.0296,0.2898,0.1356,0.1168,0.2507
Beginner,58,554,0.9368231046931408,0.9368231046931408,0.7710876427887793,0.7177220242653457,0.7199100852012634,1.0,0.4494,0.3499,0.0982,0.0236,0.0573,0.0216
Beginner,49,554,0.9368231046931408,0.9368231046931408,0.7702461262913327,0.7160478560749319,0.7182518839836121,1.0,0.4578,0.1928,0.0116,0.0872,0.0632,0.1875
Beginner,96,554,0.9368231046931408,0.9368231046931408,0.7664193553386204,0.7110810268752507,0.7132974863052368,1.0,0.4925,0.1168,0.0325,0.1158,0.0127,0.2297
Beginner,30,554,0.9368231046931408,0.9368231046931408,0.7653931971822759,0.7099961059798605,0.7122982144355774,1.0,0.7105,0.0684,0.0167,0.0185,0.0763,0.1096
Beginner,51,554,0.9368231046931408,0.9368231046931408,0.7627715511128391,0.7061108115711004,0.7093449234962463,1.0,0.2325,0.0473,0.3064,0.1622,0.1104,0.1412
Beginner,92,554,0.9368231046931408,0.9368231046931408,0.7625270408956064,0.7065222883814941,0.7093954086303711,1.0,0.5543,0.0532,0.2641,0.0443,0.0195,0.0645
Beginner,20,554,0.9368231046931408,0.9368231046931408,0.76059582522075,0.7040179385395993,0.7063952088356018,1.0,0.7727,0.0095,0.0459,0.0734,0.0209,0.0777
Beginner,8,554,0.9368231046931408,0.9368231046931408,0.7599945053947422,0.7034877527206047,0.7060059905052185,1.0,0.7187,0.0227,0.1034,0.1417,0.0079,0.0056
Beginner,102,554,0.9350180505415162,0.9350180505415162,0.7721194626570043,0.7195047431509526,0.7218959927558899,1.0,0.3305,0.3915,0.083,0.0212,0.1659,0.008
Beginner,95,554,0.9350180505415162,0.9350180505415162,0.7711020122597932,0.7179195253202473,0.720293402671814,1.0,0.5338,0.1864,0.0501,0.042,0.0271,0.1607
Beginner,61,554,0.9350180505415162,0.9350180505415162,0.7684223536498772,0.7143796135673393,0.7167156338691711,1.0,0.5128,0.242,0.0246,0.1088,0.0088,0.103
Beginner,10,554,0.9350180505415162,0.9350180505415162,0.7683617447905137,0.7145996452404395,0.7168567180633545,1.0,0.5606,0.2748,0.0854,0.008,0.0458,0.0254
Beginner,42,554,0.9350180505415162,0.9350180505415162,0.7646414981838514,0.708907278040852,0.7117382884025574,1.0,0.4035,0.0418,0.1132,0.0038,0.2367,0.201
Beginner,7,554,0.9350180505415162,0.9350180505415162,0.7641924180392897,0.7089451763639489,0.7111766338348389,1.0,0.6359,0.1931,0.0251,0.1231,0.0196,0.0031
Beginner,97,554,0.9350180505415162,0.9350180505415162,0.7628847569432943,0.7069710123410485,0.7097340226173401,1.0,0.3439,0.1592,0.1855,0.0378,0.0183,0.2553
Beginner,45,554,0.9350180505415162,0.9350180505415162,0.758666498488156,0.7010536645464444,0.7038585543632507,1.0,0.3483,0.0176,0.0949,0.1848,0.1153,0.2391
Beginner,28,554,0.9350180505415162,0.9350180505415162,0.7548267775298485,0.6972045102911528,0.7005119323730469,1.0,0.2547,0.0982,0.218,0.3578,0.0211,0.0502
Beginner,114,554,0.9332129963898917,0.9332129963898917,0.7752675373956353,0.7248698303301191,0.7273008823394775,1.0,0.2532,0.4642,0.1327,0.02,0.0453,0.0846
Beginner,72,554,0.9332129963898917,0.9332129963898917,0.7623070658297623,0.7066296018462084,0.7091336846351624,1.0,0.527,0.0452,0.0272,0.1409,0.0301,0.2298
Beginner,68,554,0.9314079422382672,0.9314079422382672,0.7681608672928155,0.714628817832789,0.7174445986747742,1.0,0.3691,0.2056,0.079,0.0243,0.102,0.22
Beginner,119,554,0.9259927797833934,0.9259927797833934,0.7675011955812974,0.7163638056688598,0.7186915874481201,1.0,0.5329,0.3405,0.014,0.0035,0.053,0.0562
Beginner,15,554,0.9223826714801444,0.9223826714801444,0.7519574405881759,0.6965304801496137,0.6997408270835876,1.0,0.3913,0.0261,0.0158,0.0584,0.1835,0.3249
Beginner,62,554,0.9133574007220217,0.9133574007220217,0.6959300786292594,0.6265397658899464,0.6305182576179504,2.0,0.1147,0.0321,0.0559,0.3409,0.0965,0.3599
Casual,53,1023,0.967741935483871,0.967741935483871,0.7733875959539797,0.7113126094064511,0.7126753926277161,1.0,0.4864,0.119,0.044,0.0073,0.285,0.0584
Casual,32,1023,0.9667644183773216,0.9667644183773216,0.770624168316581,0.7083630608557294,0.7099210023880005,1.0,0.4866,0.0685,0.1696,0.0223,0.2087,0.0442
Casual,112,1023,0.9657869012707723,0.9657869012707723,0.7417585067485346,0.6701110744365877,0.6718177795410156,1.0,0.2447,0.095,0.1547,0.0964,0.3917,0.0175
Casual,26,1023,0.9648093841642229,0.9648093841642229,0.771591620160228,0.7099922207693469,0.711687445640564,1.0,0.449,0.1233,0.1671,0.042,0.1829,0.0357
Casual,66,1023,0.9648093841642229,0.9648093841642229,0.7705920848754568,0.7087886263839343,0.7106415629386902,1.0,0.1504,0.2358,0.4016,0.0685,0.0893,0.0544
Casual,84,1023,0.9648093841642229,0.9648093841642229,0.7637179256366265,0.6997271979676672,0.7013522386550903,1.0,0.4629,0.0428,0.0664,0.0653,0.3296,0.033
Casual,36,1023,0.9638318670576735,0.9638318670576735,0.7732136868154631,0.7124573129705095,0.7141448259353638,1.0,0.4576,0.1413,0.1625,0.0449,0.1255,0.0682
Casual,50,1023,0.9638318670576735,0.9638318670576735,0.7684818984803923,0.7063862335123332,0.7080813646316528,1.0,0.4833,0.1518,0.2258,0.0569,0.0794,0.0029
Casual,91,1023,0.9638318670576735,0.9638318670576735,0.7510886073096343,0.6829242713406936,0.6848291158676147,1.0,0.2136,0.1433,0.158,0.1153,0.3203,0.0495
Casual,48,1023,0.9628543499511242,0.9628543499511242,0.7715185707856638,0.7104774529261333,0.7123487591743469,1.0,0.3749,0.1588,0.2234,0.058,0.1369,0.0481
Casual,124,1023,0.9628543499511242,0.9628543499511242,0.7713302414569455,0.7102714761072532,0.711955726146698,1.0,0.4149,0.1724,0.1066,0.1409,0.1198,0.0455
Casual,29,1023,0.9618768328445748,0.9618768328445748,0.7757648006872291,0.7160586453841585,0.7176469564437866,1.0,0.4671,0.2387,0.0662,0.0043,0.2222,0.0016
Casual,56,1023,0.9618768328445748,0.9618768328445748,0.771237160937484,0.7102129731895128,0.7119967341423035,1.0,0.3933,0.1692,0.0542,0.1356,0.191,0.0567
Casual,4,1023,0.9618768328445748,0.9618768328445748,0.77030715410263,0.7091400670579556,0.7109237313270569,1.0,0.4,0.15,0.1,0.15,0.15,0.05
Casual,2,1023,0.9618768328445748,0.9618768328445748,0.7698951807994822,0.7087004312077625,0.7104761004447937,1.0,0.45,0.15,0.12,0.12,0.11,0.05
Casual,75,1023,0.9618768328445748,0.9618768328445748,0.7687083718741686,0.7072709358633111,0.7089595794677734,1.0,0.4093,0.104,0.0208,0.1392,0.1959,0.1308
Casual,82,1023,0.9618768328445748,0.9618768328445748,0.7682669345275751,0.7065456618975681,0.708370566368103,1.0,0.4629,0.0654,0.0734,0.1045,0.2458,0.048
Casual,121,1023,0.9618768328445748,0.9618768328445748,0.767112113953391,0.7050122789125721,0.7068210244178772,1.0,0.4681,0.1671,0.2552,0.0076,0.0683,0.0338
Casual,31,1023,0.9608993157380255,0.9608993157380255,0.7737716470210205,0.7137420850030821,0.7154921293258667,1.0,0.4104,0.2455,0.0897,0.0975,0.1556,0.0012
Casual,5,1023,0.9608993157380255,0.9608993157380255,0.7631255239741054,0.6998179321493104,0.7017674446105957,1.0,0.35,0.1,0.1,0.15,0.25,0.05
Casual,60,1023,0.9599217986314761,0.9599217986314761,0.7745355123944602,0.7151411122818748,0.7169016599655151,1.0,0.4332,0.2136,0.0651,0.0342,0.1551,0.0989
Casual,73,1023,0.9599217986314761,0.9599217986314761,0.7693128953059477,0.7085219250175261,0.7102195024490356,1.0,0.494,0.2002,0.1098,0.0397,0.0616,0.0946
Casual,52,1023,0.9589442815249267,0.9589442815249267,0.7706611580438292,0.7105942471778248,0.7122838497161865,1.0,0.6058,0.1079,0.0271,0.05,0.1131,0.0962
Casual,18,1023,0.9589442815249267,0.9589442815249267,0.7680017956762012,0.7069627640742011,0.7088545560836792,1.0,0.4775,0.1984,0.1801,0.0211,0.048,0.075
Casual,37,1023,0.9589442815249267,0.9589442815249267,0.7678078792959924,0.7068978783788168,0.7088977098464966,1.0,0.4773,0.057,0.068,0.0325,0.2348,0.1306
Casual,21,1023,0.9589442815249267,0.9589442815249267,0.767273794933705,0.7063047384894892,0.7082086205482483,1.0,0.608,0.0303,0.0851,0.0919,0.1746,0.0101
Casual,99,1023,0.9589442815249267,0.9589442815249267,0.7668280124823078,0.705218290995417,0.7073625922203064,1.0,0.2843,0.207,0.202,0.1513,0.1235,0.0319
Casual,110,1023,0.9589442815249267,0.9589442815249267,0.7655281900886732,0.7040077496089227,0.7059857249259949,1.0,0.6019,0.0005,0.0646,0.0804,0.2485,0.0041
Casual,65,1023,0.9589442815249267,0.9589442815249267,0.758020412182614,0.6938608258256351,0.6957686543464661,1.0,0.4679,0.0035,0.0225,0.0114,0.3785,0.1162
Casual,13,1023,0.9579667644183774,0.9579667644183774,0.7674742397792415,0.7068117285126084,0.7088289856910706,1.0,0.549,0.0975,0.1428,0.1044,0.0948,0.0116
Casual,40,1023,0.9579667644183774,0.9579667644183774,0.7669779486962652,0.7058037080764353,0.7077661156654358,1.0,0.2397,0.383,0.1458,0.1093,0.1,0.0221
Casual,101,1023,0.9579667644183774,0.9579667644183774,0.7653818061971606,0.703922199230117,0.7058390974998474,1.0,0.3746,0.2796,0.1837,0.0192,0.0201,0.1227
Casual,9,1023,0.9579667644183774,0.9579667644183774,0.76348074150324,0.7010012850188803,0.7032575607299805,1.0,0.188,0.2563,0.1971,0.1822,0.1531,0.0232
Casual,105,1023,0.9579667644183774,0.9579667644183774,0.758539186770742,0.6952865479258441,0.6974051594734192,1.0,0.2201,0.1939,0.3279,0.191,0.0576,0.0094
Casual,120,1023,0.9579667644183774,0.9579667644183774,0.7523500801444554,0.68670382783286,0.6888565421104431,1.0,0.1472,0.219,0.2305,0.2509,0.1317,0.0207
Casual,12,1023,0.956989247311828,0.956989247311828,0.7730469199725467,0.7138906168231681,0.7158254384994507,1.0,0.3525,0.3302,0.0909,0.0609,0.1534,0.012
Casual,115,1023,0.956989247311828,0.956989247311828,0.7672293498160294,0.706467799063107,0.7084115743637085,1.0,0.5753,0.1523,0.1242,0.0494,0.0904,0.0084
Casual,11,1023,0.956989247311828,0.956989247311828,0.7671192323636609,0.7067214174985437,0.7085452079772949,1.0,0.5758,0.0921,0.032,0.1563,0.0878,0.0561
Casual,23,1023,0.956989247311828,0.956989247311828,0.7651028182373903,0.7039235392607827,0.7060718536376953,1.0,0.5198,0.042,0.1141,0.0429,0.1756,0.1056
Casual,67,1023,0.956989247311828,0.956989247311828,0.7650280687391119,0.7039987925618425,0.7060690522193909,1.0,0.5074,0.0898,0.2063,0.089,0.0647,0.0428
Casual,63,1023,0.956989247311828,0.956989247311828,0.762965440304128,0.7013241266173816,0.7034057974815369,1.0,0.5745,0.0388,0.1612,0.0831,0.1159,0.0265
Casual,68,1023,0.9560117302052786,0.9560117302052786,0.7685190989756508,0.7090162905412171,0.7109897136688232,1.0,0.3691,0.2056,0.079,0.0243,0.102,0.22
Casual,102,1023,0.9560117302052786,0.9560117302052786,0.7681745851090586,0.7080965358091457,0.7099300026893616,1.0,0.3305,0.3915,0.083,0.0212,0.1659,0.008
Casual,88,1023,0.9560117302052786,0.9560117302052786,0.7664910037563987,0.706125280172201,0.7081429958343506,1.0,0.4568,0.2397,0.1427,0.1161,0.0108,0.0339
Casual,107,1023,0.9560117302052786,0.9560117302052786,0.7663481612935168,0.705685326946324,0.7076253890991211,1.0,0.5851,0.1277,0.0672,0.0663,0.0745,0.0793
Casual,85,1023,0.9560117302052786,0.9560117302052786,0.765830478655173,0.7052039738256747,0.7074053287506104,1.0,0.4001,0.1148,0.1735,0.1726,0.1049,0.0341
Casual,70,1023,0.9560117302052786,0.9560117302052786,0.7652473845749848,0.704197681323781,0.7061644792556763,1.0,0.622,0.1225,0.1107,0.0474,0.0799,0.0175
Casual,95,1023,0.9560117302052786,0.9560117302052786,0.7641965490486649,0.7032758460177815,0.704978346824646,1.0,0.5338,0.1864,0.0501,0.042,0.0271,0.1607
Casual,22,1023,0.9560117302052786,0.9560117302052786,0.7624896175366371,0.7008308190126372,0.7031174898147583,1.0,0.427,0.0586,0.2451,0.0556,0.2081,0.0057
Casual,3,1023,0.9550342130987293,0.9550342130987293,0.7645617262494674,0.7036977440936385,0.7056890726089478,1.0,0.65,0.1,0.1,0.05,0.07,0.03
Casual,64,1023,0.9550342130987293,0.9550342130987293,0.7643953192757215,0.7037757127199942,0.7058988213539124,1.0,0.54,0.0962,0.1375,0.1506,0.0674,0.0083
Casual,30,1023,0.9550342130987293,0.9550342130987293,0.7632861553606581,0.7020272195492138,0.7037801742553711,1.0,0.7105,0.0684,0.0167,0.0185,0.0763,0.1096
Casual,24,1023,0.9540566959921799,0.9540566959921799,0.7660275045942734,0.7056749240766835,0.707702100276947,1.0,0.5805,0.1428,0.0479,0.0911,0.0816,0.0561
Casual,81,1023,0.9540566959921799,0.9540566959921799,0.7654009514953627,0.705107033186212,0.7073296308517456,1.0,0.606,0.0921,0.1289,0.0474,0.0843,0.0414
Casual,117,1023,0.9540566959921799,0.9540566959921799,0.763431192701524,0.7026480063870093,0.7049077153205872,1.0,0.4843,0.0579,0.1479,0.0109,0.1329,0.166
Casual,41,1023,0.9540566959921799,0.9540566959921799,0.763055603670112,0.7020511637813689,0.7039570808410645,1.0,0.7577,0.0537,0.0852,0.0075,0.0917,0.0042
Casual,19,1023,0.9540566959921799,0.9540566959921799,0.763042923569174,0.7018600683556695,0.7039340138435364,1.0,0.2783,0.4117,0.1101,0.0584,0.1299,0.0117
Casual,79,1023,0.9540566959921799,0.9540566959921799,0.7621592663001961,0.7012081434368825,0.7034832239151001,1.0,0.4408,0.1065,0.2497,0.1233,0.0534,0.0263
Casual,47,1023,0.9530791788856305,0.9530791788856305,0.7687021022532474,0.7096978371905058,0.7117056250572205,1.0,0.6368,0.1045,0.0012,0.1205,0.1181,0.0188
Casual,98,1023,0.9530791788856305,0.9530791788856305,0.7667894704516021,0.7071558342819341,0.7092832922935486,1.0,0.4499,0.2226,0.0494,0.1613,0.0533,0.0636
Casual,59,1023,0.9530791788856305,0.9530791788856305,0.7637039479621204,0.7035286533820259,0.7055954933166504,1.0,0.5653,0.089,0.0607,0.1463,0.0491,0.0897
Casual,126,1023,0.9530791788856305,0.9530791788856305,0.7626251471773179,0.7019106368813114,0.7041487097740173,1.0,0.6465,0.0384,0.1017,0.0657,0.0939,0.0538
Casual,104,1023,0.9530791788856305,0.9530791788856305,0.7613713092781719,0.7004354394383719,0.7028234601020813,1.0,0.3919,0.1178,0.2171,0.1727,0.0652,0.0352
Casual,10,1023,0.9521016617790812,0.9521016617790812,0.7676761855643721,0.7085450581784893,0.7104438543319702,1.0,0.5606,0.2748,0.0854,0.008,0.0458,0.0254
Casual,106,1023,0.9521016617790812,0.9521016617790812,0.7662808393865872,0.7066714131963399,0.7086465358734131,1.0,0.6015,0.1587,0.0178,0.1275,0.0843,0.0102
Casual,58,1023,0.9521016617790812,0.9521016617790812,0.7656896490891132,0.7059987883301666,0.70795738697052,1.0,0.4494,0.3499,0.0982,0.0236,0.0573,0.0216
Casual,77,1023,0.9521016617790812,0.9521016617790812,0.7654058317761572,0.705273373308564,0.7070692181587219,1.0,0.711,0.1583,0.0062,0.0267,0.0972,0.0005
Casual,49,1023,0.9521016617790812,0.9521016617790812,0.7651785630501354,0.7056392369442223,0.7076476812362671,1.0,0.4578,0.1928,0.0116,0.0872,0.0632,0.1875
Casual,46,1023,0.9521016617790812,0.9521016617790812,0.7640643826090795,0.7039654681150282,0.7063116431236267,1.0,0.5769,0.0418,0.0554,0.0831,0.1296,0.1131
Casual,17,1023,0.9521016617790812,0.9521016617790812,0.7630927210352327,0.7027097888534838,0.7048086524009705,1.0,0.3237,0.4012,0.1301,0.0561,0.0687,0.0203
Casual,34,1023,0.9521016617790812,0.9521016617790812,0.7622968203763256,0.7018936749142027,0.7042068243026733,1.0,0.5936,0.0397,0.1304,0.0593,0.0809,0.096
Casual,6,1023,0.9521016617790812,0.9521016617790812,0.7619739184682425,0.7015813067132715,0.7039220929145813,1.0,0.4,0.1,0.1,0.1,0.1,0.2
Casual,55,1023,0.9521016617790812,0.9521016617790812,0.7613936043057318,0.7005091058610119,0.7025011777877808,1.0,0.7091,0.0914,0.0413,0.089,0.028,0.0411
Casual,27,1023,0.9521016617790812,0.9521016617790812,0.7611969529888035,0.7001775187992196,0.70206618309021,1.0,0.7641,0.0666,0.0197,0.0246,0.0414,0.0835
Casual,100,1023,0.9521016617790812,0.9521016617790812,0.7611623438707925,0.7004412227286128,0.7029505372047424,1.0,0.286,0.1686,0.3995,0.0929,0.0316,0.0214
Casual,94,1023,0.9521016617790812,0.9521016617790812,0.7587970525657886,0.6975042281493894,0.6997845768928528,1.0,0.4962,0.0946,0.2798,0.1015,0.0097,0.0182
Casual,57,1023,0.9521016617790812,0.9521016617790812,0.7581834582113267,0.6967139626963673,0.6990629434585571,1.0,0.3744,0.1372,0.2862,0.1693,0.0111,0.0219
Casual,92,1023,0.9521016617790812,0.9521016617790812,0.7562722297288371,0.6942644924316479,0.6964930891990662,1.0,0.5543,0.0532,0.2641,0.0443,0.0195,0.0645
Casual,42,1023,0.9511241446725318,0.9511241446725318,0.7605318680675016,0.6997927536783841,0.7022581100463867,1.0,0.4035,0.0418,0.1132,0.0038,0.2367,0.201
Casual,93,1023,0.9511241446725318,0.9511241446725318,0.7590911497111443,0.6979075421157531,0.7002875804901123,1.0,0.3676,0.102,0.0251,0.2658,0.1742,0.0653
Casual,83,1023,0.9501466275659824,0.9501466275659824,0.759615028628055,0.6989932138025979,0.701535701751709,1.0,0.4119,0.0579,0.1346,0.2035,0.1515,0.0405
Casual,90,1023,0.9491691104594331,0.9491691104594331,0.7654643326434977,0.7064355325352393,0.7086551189422607,1.0,0.4259,0.2767,0.0192,0.1304,0.0582,0.0895
Casual,61,1023,0.9491691104594331,0.9491691104594331,0.7645548439522037,0.7056139526814013,0.7077205181121826,1.0,0.5128,0.242,0.0246,0.1088,0.0088,0.103
Casual,43,1023,0.9491691104594331,0.9491691104594331,0.7620918968366959,0.7024684775417913,0.7046917080879211,1.0,0.6735,0.02,0.0088,0.1433,0.0942,0.0602
Casual,123,1023,0.9491691104594331,0.9491691104594331,0.7577453097236458,0.6969955101919911,0.6994605660438538,1.0,0.6176,0.0167,0.1883,0.0761,0.0722,0.0292
Casual,71,1023,0.9481915933528837,0.9481915933528837,0.7583435535877787,0.6978287271542403,0.7002029418945312,1.0,0.6443,0.066,0.1292,0.1296,0.0225,0.0084
Casual,103,1023,0.9481915933528837,0.9481915933528837,0.7565507466404648,0.695069145582342,0.6973949670791626,1.0,0.7037,0.1055,0.1243,0.041,0.0065,0.019
Casual,125,1023,0.9472140762463344,0.9472140762463344,0.7583079621445149,0.6982177592148265,0.7009439468383789,1.0,0.3326,0.1035,0.1056,0.0921,0.1309,0.2353
Casual,86,1023,0.9472140762463344,0.9472140762463344,0.7573681519189811,0.6967336399887719,0.6995410323143005,1.0,0.3633,0.0656,0.1346,0.2092,0.1485,0.0787
Casual,20,1023,0.9472140762463344,0.9472140762463344,0.7556715188343668,0.6946806072172641,0.6968746185302734,1.0,0.7727,0.0095,0.0459,0.0734,0.0209,0.0777
Casual,116,1023,0.946236559139785,0.946236559139785,0.7625227090801346,0.7035677963830457,0.7059105634689331,1.0,0.6263,0.1603,0.0215,0.1336,0.0376,0.0206
Casual,44,1023,0.946236559139785,0.946236559139785,0.7616692407658797,0.7028898466581751,0.7053189277648926,1.0,0.6323,0.0418,0.0591,0.0324,0.0697,0.1647
Casual,7,1023,0.946236559139785,0.946236559139785,0.7614400201166607,0.7021620689509251,0.7043799757957458,1.0,0.6359,0.1931,0.0251,0.1231,0.0196,0.0031
Casual,108,1023,0.946236559139785,0.946236559139785,0.7583620309111827,0.6989164088870833,0.7013036012649536,1.0,0.5744,0.0457,0.0511,0.2508,0.0718,0.0061
Casual,78,1023,0.946236559139785,0.946236559139785,0.7574274024682123,0.6975759903179257,0.6999667882919312,1.0,0.5826,0.0715,0.0971,0.1982,0.0035,0.047
Casual,118,1023,0.9452590420332356,0.9452590420332356,0.7510264120940073,0.6890589317275534,0.6919007301330566,1.0,0.3685,0.041,0.0626,0.2452,0.2234,0.0593
Casual,97,1023,0.9452590420332356,0.9452590420332356,0.7503745506528854,0.688662141594693,0.6915055513381958,1.0,0.3439,0.1592,0.1855,0.0378,0.0183,0.2553
Casual,16,1023,0.9442815249266863,0.9442815249266863,0.758338775678812,0.6992574114274994,0.7016328573226929,1.0,0.6279,0.064,0.011,0.2343,0.0445,0.0183
Casual,39,1023,0.9442815249266863,0.9442815249266863,0.7579067884899546,0.6987722850626077,0.7013738751411438,1.0,0.5791,0.0493,0.0534,0.2147,0.0418,0.0617
Casual,8,1023,0.9442815249266863,0.9442815249266863,0.7546406102100877,0.6943927474719264,0.6968072652816772,1.0,0.7187,0.0227,0.1034,0.1417,0.0079,0.0056
Casual,119,1023,0.9433040078201369,0.9433040078201369,0.7616145803926466,0.7034366496976469,0.7055163979530334,1.0,0.5329,0.3405,0.014,0.0035,0.053,0.0562
Casual,14,1023,0.9433040078201369,0.9433040078201369,0.753109248718785,0.6924747051579896,0.695414662361145,1.0,0.3824,0.0748,0.1618,0.2561,0.1189,0.0061
Casual,1,1023,0.9423264907135875,0.9423264907135875,0.7545183933415692,0.6944815068715361,0.6974136233329773,1.0,0.5,0.0,0.15,0.15,0.12,0.08
Casual,87,1023,0.9423264907135875,0.9423264907135875,0.7509489924200577,0.6900101771802651,0.6929740905761719,1.0,0.3689,0.0436,0.1667,0.2122,0.0955,0.1131
Casual,114,1023,0.9423264907135875,0.9423264907135875,0.7430014558923463,0.6793584144757165,0.6819289922714233,1.0,0.2532,0.4642,0.1327,0.02,0.0453,0.0846
Casual,33,1023,0.9413489736070382,0.9413489736070382,0.7457744643090645,0.6834821825291033,0.6864479780197144,1.0,0.2879,0.1666,0.1061,0.3431,0.0666,0.0297
Casual,122,1023,0.9403714565004888,0.9403714565004888,0.7466446060768122,0.6853040600108049,0.6881194710731506,1.0,0.4526,0.0191,0.1936,0.1462,0.0271,0.1614
Casual,35,1023,0.9393939393939394,0.9393939393939394,0.7474143182871091,0.6868297554514563,0.6896959543228149,1.0,0.3922,0.0902,0.1785,0.3124,0.0079,0.0188
Casual,96,1023,0.9384164222873901,0.9384164222873901,0.7529311331704507,0.6941630732686451,0.6970751881599426,1.0,0.4925,0.1168,0.0325,0.1158,0.0127,0.2297
Casual,54,1023,0.9384164222873901,0.9384164222873901,0.7482140462839612,0.6878534330880373,0.6907984614372253,1.0,0.3735,0.131,0.036,0.3591,0.0637,0.0368
Casual,89,1023,0.9364613880742912,0.9364613880742912,0.7431051254926366,0.6814414568813395,0.6846373677253723,1.0,0.2933,0.0477,0.0149,0.2785,0.206,0.1596
Casual,69,1023,0.9364613880742912,0.9364613880742912,0.7420357270815746,0.6799814229432998,0.6833199858665466,1.0,0.2823,0.0069,0.2696,0.1033,0.2096,0.1284
Casual,38,1023,0.9354838709677419,0.9354838709677419,0.7455892594955413,0.6852146305958622,0.6884546279907227,1.0,0.3693,0.0528,0.2103,0.2902,0.0696,0.0078
Casual,111,1023,0.9345063538611925,0.9345063538611925,0.7403690137780297,0.6783400616978329,0.6817019581794739,1.0,0.2913,0.0291,0.0259,0.1505,0.2543,0.2489
Casual,51,1023,0.9345063538611925,0.9345063538611925,0.7400735503450246,0.6782945359191693,0.681768536567688,1.0,0.2325,0.0473,0.3064,0.1622,0.1104,0.1412
Casual,80,1023,0.9335288367546432,0.9335288367546432,0.748685922119421,0.6896121880725986,0.6930689215660095,1.0,0.4107,0.0589,0.0356,0.2111,0.0933,0.1904
Casual,72,1023,0.9335288367546432,0.9335288367546432,0.7480963982328391,0.6891678973790412,0.6922925710678101,1.0,0.527,0.0452,0.0272,0.1409,0.0301,0.2298
Casual,76,1023,0.9305962854349951,0.9305962854349951,0.7413911457105292,0.6812202107656654,0.6846508979797363,1.0,0.3006,0.0459,0.4086,0.1656,0.0373,0.0422
Casual,113,1023,0.9305962854349951,0.9305962854349951,0.7299452617344314,0.6665588647260202,0.6700332760810852,1.0,0.213,0.0682,0.3142,0.2159,0.023,0.1657
Casual,28,1023,0.9305962854349951,0.9305962854349951,0.7289999687158263,0.665054116080509,0.6684471368789673,1.0,0.2547,0.0982,0.218,0.3578,0.0211,0.0502
Casual,25,1023,0.9296187683284457,0.9296187683284457,0.7447048020640867,0.6855243539994273,0.6892237663269043,1.0,0.4038,0.0485,0.0603,0.208,0.0811,0.1982
Casual,109,1023,0.9286412512218963,0.9286412512218963,0.7443138182477826,0.6853292032177662,0.6889577507972717,1.0,0.3734,0.0443,0.0692,0.3306,0.1154,0.067
Casual,15,1023,0.9286412512218963,0.9286412512218963,0.7424141726040043,0.6831807814212506,0.6866563558578491,1.0,0.3913,0.0261,0.0158,0.0584,0.1835,0.3249
Casual,45,1023,0.9286412512218963,0.9286412512218963,0.7404710752794051,0.6804351996434108,0.6839864253997803,1.0,0.3483,0.0176,0.0949,0.1848,0.1153,0.2391
Casual,74,1023,0.9217986314760508,0.9217986314760508,0.7222015872239742,0.6590372020723927,0.6629406213760376,1.0,0.1775,0.0296,0.2898,0.1356,0.1168,0.2507
Casual,62,1023,0.8914956011730205,0.8914956011730205,0.6525721487565942,0.5778825470174445,0.5830070376396179,2.0,0.1147,0.0321,0.0559,0.3409,0.0965,0.3599
Fan,53,1192,0.9588926174496645,0.9588926174496645,0.7209585937263548,0.6453069162381242,0.6474183201789856,2.0,0.4864,0.119,0.044,0.0073,0.285,0.0584
Fan,32,1192,0.9580536912751678,0.9580536912751678,0.7182162972858765,0.6421899362755067,0.6442702412605286,2.0,0.4866,0.0685,0.1696,0.0223,0.2087,0.0442
Fan,121,1192,0.9572147651006712,0.9572147651006712,0.7244781541357586,0.6506788280697676,0.6528319120407104,1.5,0.4681,0.1671,0.2552,0.0076,0.0683,0.0338
Fan,48,1192,0.9572147651006712,0.9572147651006712,0.7221797564449159,0.6475174806550645,0.6497480273246765,2.0,0.3749,0.1588,0.2234,0.058,0.1369,0.0481
Fan,26,1192,0.9563758389261745,0.9563758389261745,0.7207140591303385,0.6457921133676167,0.6480897068977356,2.0,0.449,0.1233,0.1671,0.042,0.1829,0.0357
Fan,29,1192,0.9555369127516778,0.9555369127516778,0.726392532815032,0.6534727972437704,0.6556921601295471,1.0,0.4671,0.2387,0.0662,0.0043,0.2222,0.0016
Fan,36,1192,0.9555369127516778,0.9555369127516778,0.7233533584267271,0.649506389397329,0.6518181562423706,2.0,0.4576,0.1413,0.1625,0.0449,0.1255,0.0682
Fan,60,1192,0.9546979865771812,0.9546979865771812,0.725322726318113,0.6521768499956418,0.6545426249504089,2.0,0.4332,0.2136,0.0651,0.0342,0.1551,0.0989
Fan,23,1192,0.9546979865771812,0.9546979865771812,0.7197921315278741,0.6454510953252564,0.6476849317550659,2.0,0.5198,0.042,0.1141,0.0429,0.1756,0.1056
Fan,37,1192,0.9546979865771812,0.9546979865771812,0.7171258697330444,0.6417241990857763,0.6439855098724365,2.0,0.4773,0.057,0.068,0.0325,0.2348,0.1306
Fan,81,1192,0.9538590604026845,0.9538590604026845,0.721251429808381,0.64742432716426,0.6497393846511841,2.0,0.606,0.0921,0.1289,0.0474,0.0843,0.0414
Fan,84,1192,0.9538590604026845,0.9538590604026845,0.7134414660669268,0.6374372923869568,0.6398047208786011,2.0,0.4629,0.0428,0.0664,0.0653,0.3296,0.033
Fan,91,1192,0.9538590604026845,0.9538590604026845,0.6904949854682287,0.6068685416000853,0.609298825263977,2.0,0.2136,0.1433,0.158,0.1153,0.3203,0.0495
Fan,52,1192,0.9530201342281879,0.9530201342281879,0.721205122779247,0.6473758437684611,0.6496573090553284,2.0,0.6058,0.1079,0.0271,0.05,0.1131,0.0962
Fan,112,1192,0.9530201342281879,0.9530201342281879,0.6774666589981299,0.5901699763696409,0.5926216840744019,2.0,0.2447,0.095,0.1547,0.0964,0.3917,0.0175
Fan,56,1192,0.9521812080536913,0.9521812080536913,0.7209937276488402,0.6472980948022894,0.6497975587844849,2.0,0.3933,0.1692,0.0542,0.1356,0.191,0.0567
Fan,3,1192,0.9521812080536913,0.9521812080536913,0.7207282119700356,0.6472006135177276,0.6496321558952332,2.0,0.65,0.1,0.1,0.05,0.07,0.03
Fan,65,1192,0.9521812080536913,0.9521812080536913,0.7088766369155405,0.631956065932576,0.6343286633491516,2.0,0.4679,0.0035,0.0225,0.0114,0.3785,0.1162
Fan,77,1192,0.9513422818791947,0.9513422818791947,0.7250828927317792,0.6530436798473712,0.6553637385368347,1.0,0.711,0.1583,0.0062,0.0267,0.0972,0.0005
Fan,115,1192,0.9513422818791947,0.9513422818791947,0.7228653808995876,0.6500278431486485,0.6525753736495972,2.0,0.5753,0.1523,0.1242,0.0494,0.0904,0.0084
Fan,73,1192,0.9513422818791947,0.9513422818791947,0.7218801593727128,0.648842723737858,0.6513689160346985,2.0,0.494,0.2002,0.1098,0.0397,0.0616,0.0946
Fan,70,1192,0.9513422818791947,0.9513422818791947,0.7201495310912991,0.6465177602971227,0.6490227580070496,2.0,0.622,0.1225,0.1107,0.0474,0.0799,0.0175
Fan,41,1192,0.9513422818791947,0.9513422818791947,0.7199539135775227,0.6466028937505447,0.6490472555160522,2.0,0.7577,0.0537,0.0852,0.0075,0.0917,0.0042
Fan,46,1192,0.9513422818791947,0.9513422818791947,0.718878124087692,0.6452354622446904,0.6475954055786133,2.0,0.5769,0.0418,0.0554,0.0831,0.1296,0.1131
Fan,126,1192,0.9513422818791947,0.9513422818791947,0.7182437485943597,0.6443898779259517,0.6467730402946472,2.0,0.6465,0.0384,0.1017,0.0657,0.0939,0.0538
Fan,79,1192,0.9513422818791947,0.9513422818791947,0.7175829899055701,0.6437233371587399,0.6461279392242432,2.0,0.4408,0.1065,0.2497,0.1233,0.0534,0.0263
Fan,22,1192,0.9513422818791947,0.9513422818791947,0.7132663661705785,0.6379612278102211,0.6403906345367432,2.0,0.427,0.0586,0.2451,0.0556,0.2081,0.0057
Fan,82,1192,0.9513422818791947,0.9513422818791947,0.7125568647535336,0.6366918828747687,0.639254093170166,2.0,0.4629,0.0654,0.0734,0.1045,0.2458,0.048
Fan,24,1192,0.950503355704698,0.950503355704698,0.7217981401685717,0.6488580979981987,0.6513742804527283,2.0,0.5805,0.1428,0.0479,0.0911,0.0816,0.0561
Fan,31,1192,0.950503355704698,0.950503355704698,0.721308739095308,0.6482286915172821,0.6508715748786926,2.0,0.4104,0.2455,0.0897,0.0975,0.1556,0.0012
Fan,2,1192,0.950503355704698,0.950503355704698,0.7204119516434635,0.6470559199376312,0.6496818661689758,2.0,0.45,0.15,0.12,0.12,0.11,0.05
Fan,107,1192,0.950503355704698,0.950503355704698,0.7190600894229733,0.6453196877693521,0.647851288318634,2.0,0.5851,0.1277,0.0672,0.0663,0.0745,0.0793
Fan,50,1192,0.950503355704698,0.950503355704698,0.7189148622603088,0.6451190355133308,0.6477360725402832,2.0,0.4833,0.1518,0.2258,0.0569,0.0794,0.0029
Fan,100,1192,0.950503355704698,0.950503355704698,0.7156826833745624,0.6413111217641418,0.6437572240829468,2.0,0.286,0.1686,0.3995,0.0929,0.0316,0.0214
Fan,66,1192,0.950503355704698,0.950503355704698,0.7150480261413291,0.6400923181963449,0.642737090587616,2.0,0.1504,0.2358,0.4016,0.0685,0.0893,0.0544
Fan,110,1192,0.950503355704698,0.950503355704698,0.7145074490052311,0.6397364101223162,0.6422021985054016,2.0,0.6019,0.0005,0.0646,0.0804,0.2485,0.0041
Fan,10,1192,0.9496644295302014,0.9496644295302014,0.7211944257550295,0.6487538375122267,0.6511871218681335,1.0,0.5606,0.2748,0.0854,0.008,0.0458,0.0254
Fan,18,1192,0.9496644295302014,0.9496644295302014,0.7211353729076001,0.6482826527499347,0.6510164141654968,2.0,0.4775,0.1984,0.1801,0.0211,0.048,0.075
Fan,117,1192,0.9496644295302014,0.9496644295302014,0.7203844331301242,0.647770792779182,0.6502025723457336,1.0,0.4843,0.0579,0.1479,0.0109,0.1329,0.166
Fan,47,1192,0.9496644295302014,0.9496644295302014,0.7198667168658689,0.6465850075539673,0.6490365862846375,2.0,0.6368,0.1045,0.0012,0.1205,0.1181,0.0188
Fan,124,1192,0.9496644295302014,0.9496644295302014,0.7198151205331357,0.6464768429743261,0.6491278409957886,2.0,0.4149,0.1724,0.1066,0.1409,0.1198,0.0455
Fan,106,1192,0.9488255033557047,0.9488255033557047,0.7213939008473919,0.6489025865074524,0.6513919830322266,2.0,0.6015,0.1587,0.0178,0.1275,0.0843,0.0102
Fan,4,1192,0.9488255033557047,0.9488255033557047,0.7186113341981523,0.6452805560397842,0.6480095982551575,2.0,0.4,0.15,0.1,0.15,0.15,0.05
Fan,13,1192,0.9488255033557047,0.9488255033557047,0.7179263018497658,0.6444144222667713,0.6470218896865845,2.0,0.549,0.0975,0.1428,0.1044,0.0948,0.0116
Fan,5,1192,0.9488255033557047,0.9488255033557047,0.7087722699768805,0.6325467643840126,0.6352566480636597,2.0,0.35,0.1,0.1,0.15,0.25,0.05
Fan,27,1192,0.947986577181208,0.947986577181208,0.7185076153759551,0.6457405127497409,0.6482832431793213,1.5,0.7641,0.0666,0.0197,0.0246,0.0414,0.0835
Fan,99,1192,0.947986577181208,0.947986577181208,0.7172548016150594,0.643733990189527,0.6465713977813721,2.0,0.2843,0.207,0.202,0.1513,0.1235,0.0319
Fan,67,1192,0.947986577181208,0.947986577181208,0.7172279071265995,0.6439207511355163,0.6466108560562134,2.0,0.5074,0.0898,0.2063,0.089,0.0647,0.0428
Fan,21,1192,0.947986577181208,0.947986577181208,0.7171963870931558,0.6437635584028202,0.6463817954063416,2.0,0.608,0.0303,0.0851,0.0919,0.1746,0.0101
Fan,63,1192,0.947986577181208,0.947986577181208,0.7170987338453684,0.6438706939965329,0.6465153694152832,2.0,0.5745,0.0388,0.1612,0.0831,0.1159,0.0265
Fan,71,1192,0.947986577181208,0.947986577181208,0.7161399420954025,0.6426819731349932,0.6451886892318726,2.0,0.6443,0.066,0.1292,0.1296,0.0225,0.0084
Fan,123,1192,0.947986577181208,0.947986577181208,0.7151886041254633,0.6416161858275953,0.6441485285758972,2.0,0.6176,0.0167,0.1883,0.0761,0.0722,0.0292
Fan,101,1192,0.9471476510067114,0.9471476510067114,0.7192678980571461,0.6468917664177731,0.6496941447257996,2.0,0.3746,0.2796,0.1837,0.0192,0.0201,0.1227
Fan,11,1192,0.9471476510067114,0.9471476510067114,0.7178674459701039,0.6449667153316482,0.6475776433944702,2.0,0.5758,0.0921,0.032,0.1563,0.0878,0.0561
Fan,55,1192,0.9471476510067114,0.9471476510067114,0.7176047767436169,0.6446371069273753,0.6472448110580444,2.0,0.7091,0.0914,0.0413,0.089,0.028,0.0411
Fan,34,1192,0.9471476510067114,0.9471476510067114,0.7167313470992602,0.6436441052422597,0.6463308930397034,2.0,0.5936,0.0397,0.1304,0.0593,0.0809,0.096
Fan,59,1192,0.9471476510067114,0.9471476510067114,0.7164070045773905,0.6431300662424824,0.6457262635231018,2.0,0.5653,0.089,0.0607,0.1463,0.0491,0.0897
Fan,75,1192,0.9471476510067114,0.9471476510067114,0.7150932530166868,0.6413014371906989,0.6440051794052124,2.0,0.4093,0.104,0.0208,0.1392,0.1959,0.1308
Fan,42,1192,0.9471476510067114,0.9471476510067114,0.7121489206295508,0.6377705930348547,0.6403053998947144,2.0,0.4035,0.0418,0.1132,0.0038,0.2367,0.201
Fan,103,1192,0.9463087248322147,0.9463087248322147,0.7178573565049959,0.645315995525727,0.64809650182724,2.0,0.7037,0.1055,0.1243,0.041,0.0065,0.019
Fan,30,1192,0.9463087248322147,0.9463087248322147,0.7174436481670317,0.6446430387286092,0.64732426404953,2.0,0.7105,0.0684,0.0167,0.0185,0.0763,0.1096
Fan,92,1192,0.9463087248322147,0.9463087248322147,0.7166145860392737,0.6441549362270839,0.6467773914337158,1.0,0.5543,0.0532,0.2641,0.0443,0.0195,0.0645
Fan,8,1192,0.9463087248322147,0.9463087248322147,0.7153059108576267,0.6423661652478767,0.6448926329612732,2.0,0.7187,0.0227,0.1034,0.1417,0.0079,0.0056
Fan,98,1192,0.9454697986577181,0.9454697986577181,0.7173671184221805,0.6445832970161828,0.6473526954650879,2.0,0.4499,0.2226,0.0494,0.1613,0.0533,0.0636
Fan,64,1192,0.9454697986577181,0.9454697986577181,0.7163738256821466,0.6434040791423342,0.6461707949638367,2.0,0.54,0.0962,0.1375,0.1506,0.0674,0.0083
Fan,94,1192,0.9454697986577181,0.9454697986577181,0.7138671667984375,0.6405570264001472,0.6433256268501282,2.0,0.4962,0.0946,0.2798,0.1015,0.0097,0.0182
Fan,85,1192,0.9454697986577181,0.9454697986577181,0.7133520808772272,0.6395619364788827,0.6424283981323242,2.0,0.4001,0.1148,0.1735,0.1726,0.1049,0.0341
Fan,105,1192,0.9454697986577181,0.9454697986577181,0.7077710936915558,0.6323029249832941,0.635094165802002,2.0,0.2201,0.1939,0.3279,0.191,0.0576,0.0094
Fan,9,1192,0.9454697986577181,0.9454697986577181,0.7019503887522183,0.6242119783646629,0.6272068619728088,2.0,0.188,0.2563,0.1971,0.1822,0.1531,0.0232
Fan,61,1192,0.9446308724832215,0.9446308724832215,0.71753478640493,0.6454058502087026,0.6480417251586914,2.0,0.5128,0.242,0.0246,0.1088,0.0088,0.103
Fan,12,1192,0.9446308724832215,0.9446308724832215,0.7170303067612489,0.6441981839003651,0.6470087170600891,2.0,0.3525,0.3302,0.0909,0.0609,0.1534,0.012
Fan,43,1192,0.9446308724832215,0.9446308724832215,0.7168362952500529,0.6445240092681367,0.6471918821334839,2.0,0.6735,0.02,0.0088,0.1433,0.0942,0.0602
Fan,104,1192,0.9446308724832215,0.9446308724832215,0.7128200327578911,0.6391594819237436,0.642072856426239,2.0,0.3919,0.1178,0.2171,0.1727,0.0652,0.0352
Fan,57,1192,0.9446308724832215,0.9446308724832215,0.7127125795199716,0.6391250108951451,0.6419335007667542,2.0,0.3744,0.1372,0.2862,0.1693,0.0111,0.0219
Fan,49,1192,0.9437919463087249,0.9437919463087249,0.7196084583047079,0.6485458612975392,0.6513364911079407,1.0,0.4578,0.1928,0.0116,0.0872,0.0632,0.1875
Fan,116,1192,0.9437919463087249,0.9437919463087249,0.719577168079732,0.6479712029208673,0.6508035063743591,2.0,0.6263,0.1603,0.0215,0.1336,0.0376,0.0206
Fan,68,1192,0.9437919463087249,0.9437919463087249,0.7181398421093146,0.6466017134431563,0.6495370268821716,1.0,0.3691,0.2056,0.079,0.0243,0.102,0.22
Fan,88,1192,0.9437919463087249,0.9437919463087249,0.7181268524019248,0.646126594322903,0.6491625308990479,2.0,0.4568,0.2397,0.1427,0.1161,0.0108,0.0339
Fan,44,1192,0.9437919463087249,0.9437919463087249,0.7164532843898673,0.6443761379373796,0.6470368504524231,2.0,0.6323,0.0418,0.0591,0.0324,0.0697,0.1647
Fan,20,1192,0.9429530201342282,0.9429530201342282,0.7177907398864021,0.6465552880192141,0.6493480205535889,1.0,0.7727,0.0095,0.0459,0.0734,0.0209,0.0777
Fan,7,1192,0.9429530201342282,0.9429530201342282,0.7176719588159615,0.6459231577520168,0.648756206035614,2.0,0.6359,0.1931,0.0251,0.1231,0.0196,0.0031
Fan,90,1192,0.9429530201342282,0.9429530201342282,0.7164501999645219,0.6444258016405667,0.6472001075744629,2.0,0.4259,0.2767,0.0192,0.1304,0.0582,0.0895
Fan,95,1192,0.9429530201342282,0.9429530201342282,0.7157914277743517,0.6435889031736348,0.6464831233024597,2.0,0.5338,0.1864,0.0501,0.042,0.0271,0.1607
Fan,6,1192,0.9429530201342282,0.9429530201342282,0.7156369999351972,0.6435094896714023,0.6463782787322998,2.0,0.4,0.1,0.1,0.1,0.1,0.2
Fan,86,1192,0.9429530201342282,0.9429530201342282,0.7067799186984919,0.6321262723108361,0.6349825859069824,2.0,0.3633,0.0656,0.1346,0.2092,0.1485,0.0787
Fan,40,1192,0.9429530201342282,0.9429530201342282,0.7023443930733041,0.6258250046001724,0.6287239789962769,2.0,0.2397,0.383,0.1458,0.1093,0.1,0.0221
Fan,39,1192,0.9412751677852349,0.9412751677852349,0.7135385318264899,0.641344109842432,0.6441783308982849,2.0,0.5791,0.0493,0.0534,0.2147,0.0418,0.0617
Fan,78,1192,0.9412751677852349,0.9412751677852349,0.7125431579916955,0.6399841536167039,0.6428660750389099,2.0,0.5826,0.0715,0.0971,0.1982,0.0035,0.047
Fan,125,1192,0.9412751677852349,0.9412751677852349,0.7120090773196713,0.6394349475096118,0.6423661708831787,2.0,0.3326,0.1035,0.1056,0.0921,0.1309,0.2353
Fan,102,1192,0.9412751677852349,0.9412751677852349,0.7087319188895719,0.6346131497138209,0.6373865604400635,2.0,0.3305,0.3915,0.083,0.0212,0.1659,0.008
Fan,1,1192,0.9395973154362416,0.9395973154362416,0.708687753589083,0.6355849966588222,0.6385838985443115,2.0,0.5,0.0,0.15,0.15,0.12,0.08
Fan,83,1192,0.9395973154362416,0.9395973154362416,0.7067597993989293,0.632933784150227,0.6360628008842468,2.0,0.4119,0.0579,0.1346,0.2035,0.1515,0.0405
Fan,17,1192,0.9395973154362416,0.9395973154362416,0.7051911414509002,0.6308693357351075,0.6338678002357483,2.0,0.3237,0.4012,0.1301,0.0561,0.0687,0.0203
Fan,58,1192,0.9387583892617449,0.9387583892617449,0.7147704178239785,0.6435615442536583,0.6466742157936096,2.0,0.4494,0.3499,0.0982,0.0236,0.0573,0.0216
Fan,16,1192,0.9387583892617449,0.9387583892617449,0.7132941595824781,0.6415954547875689,0.6445308327674866,2.0,0.6279,0.064,0.011,0.2343,0.0445,0.0183
Fan,80,1192,0.9387583892617449,0.9387583892617449,0.7098586598900221,0.6377146040946376,0.6406324505805969,2.0,0.4107,0.0589,0.0356,0.2111,0.0933,0.1904
Fan,87,1192,0.9379194630872483,0.9379194630872483,0.7032420070894154,0.6292449906543867,0.6322895288467407,2.0,0.3689,0.0436,0.1667,0.2122,0.0955,0.1131
Fan,19,1192,0.9379194630872483,0.9379194630872483,0.6985519141206874,0.6225136976185635,0.6255778670310974,2.0,0.2783,0.4117,0.1101,0.0584,0.1299,0.0117
Fan,69,1192,0.9379194630872483,0.9379194630872483,0.6903457033486793,0.6123651120505147,0.6152952313423157,2.0,0.2823,0.0069,0.2696,0.1033,0.2096,0.1284
Fan,14,1192,0.9370805369127517,0.9370805369127517,0.7038442868321851,0.6300370374405609,0.6332064867019653,2.0,0.3824,0.0748,0.1618,0.2561,0.1189,0.0061
Fan,118,1192,0.9362416107382551,0.9362416107382551,0.6947309645962731,0.6181483761391479,0.6214216351509094,2.0,0.3685,0.041,0.0626,0.2452,0.2234,0.0593
Fan,25,1192,0.9354026845637584,0.9354026845637584,0.7079118613007203,0.6361812940042806,0.6392951011657715,2.0,0.4038,0.0485,0.0603,0.208,0.0811,0.1982
Fan,120,1192,0.9354026845637584,0.9354026845637584,0.687503510002071,0.6085861007001947,0.6121197938919067,2.0,0.1472,0.219,0.2305,0.2509,0.1317,0.0207
Fan,119,1192,0.9345637583892618,0.9345637583892618,0.7137749969815628,0.6435743460491782,0.6465643644332886,1.0,0.5329,0.3405,0.014,0.0035,0.053,0.0562
Fan,72,1192,0.9345637583892618,0.9345637583892618,0.712598266073105,0.642524144852165,0.6455456018447876,1.0,0.527,0.0452,0.0272,0.1409,0.0301,0.2298
Fan,96,1192,0.9345637583892618,0.9345637583892618,0.7110974247315398,0.6403397287835207,0.6435127258300781,2.0,0.4925,0.1168,0.0325,0.1158,0.0127,0.2297
Fan,108,1192,0.9345637583892618,0.9345637583892618,0.7102261128259958,0.6390023497196315,0.6422799229621887,2.0,0.5744,0.0457,0.0511,0.2508,0.0718,0.0061
Fan,93,1192,0.9337248322147651,0.9337248322147651,0.7024854350890515,0.6288940459242472,0.6324319839477539,2.0,0.3676,0.102,0.0251,0.2658,0.1742,0.0653
Fan,97,1192,0.9328859060402684,0.9328859060402684,0.703316581219481,0.630743315223181,0.6342452764511108,2.0,0.3439,0.1592,0.1855,0.0378,0.0183,0.2553
Fan,122,1192,0.9320469798657718,0.9320469798657718,0.707587917323176,0.6366923368391488,0.6399379372596741,2.0,0.4526,0.0191,0.1936,0.1462,0.0271,0.1614
Fan,51,1192,0.9303691275167785,0.9303691275167785,0.6895935034440891,0.6139035065419294,0.6173214912414551,2.0,0.2325,0.0473,0.3064,0.1622,0.1104,0.1412
Fan,45,1192,0.9295302013422819,0.9295302013422819,0.6977228565216733,0.6248908972273066,0.6281936764717102,2.0,0.3483,0.0176,0.0949,0.1848,0.1153,0.2391
Fan,76,1192,0.9286912751677853,0.9286912751677853,0.6941926585208,0.6205396486436755,0.6239575147628784,2.0,0.3006,0.0459,0.4086,0.1656,0.0373,0.0422
Fan,15,1192,0.9278523489932886,0.9278523489932886,0.6993152983523897,0.6276190415661892,0.6309849619865417,2.0,0.3913,0.0261,0.0158,0.0584,0.1835,0.3249
Fan,114,1192,0.927013422818792,0.927013422818792,0.6607698173881482,0.5767439495627414,0.5803293585777283,2.0,0.2532,0.4642,0.1327,0.02,0.0453,0.0846
Fan,111,1192,0.9261744966442953,0.9261744966442953,0.6851112961773198,0.6088641690151757,0.6125568151473999,2.0,0.2913,0.0291,0.0259,0.1505,0.2543,0.2489
Fan,33,1192,0.9253355704697986,0.9253355704697986,0.6889880227557498,0.6138436135080431,0.6177987456321716,2.0,0.2879,0.1666,0.1061,0.3431,0.0666,0.0297
Fan,89,1192,0.9253355704697986,0.9253355704697986,0.6816249192803819,0.6044310555216595,0.6083259582519531,2.0,0.2933,0.0477,0.0149,0.2785,0.206,0.1596
Fan,35,1192,0.924496644295302,0.924496644295302,0.6973777243992575,0.6254623475890254,0.6293801069259644,2.0,0.3922,0.0902,0.1785,0.3124,0.0079,0.0188
Fan,54,1192,0.924496644295302,0.924496644295302,0.6946343388673916,0.6216929602835644,0.6255127787590027,2.0,0.3735,0.131,0.036,0.3591,0.0637,0.0368
Fan,109,1192,0.924496644295302,0.924496644295302,0.6941830477958865,0.6215301686568464,0.6253533959388733,2.0,0.3734,0.0443,0.0692,0.3306,0.1154,0.067
Fan,38,1192,0.9228187919463087,0.9228187919463087,0.6927877465534661,0.6200202528642126,0.6240038275718689,2.0,0.3693,0.0528,0.2103,0.2902,0.0696,0.0078
Fan,113,1192,0.9203020134228188,0.9203020134228188,0.6807048277903808,0.6056132392961253,0.6095428466796875,2.0,0.213,0.0682,0.3142,0.2159,0.023,0.1657
Fan,28,1192,0.9135906040268457,0.9135906040268457,0.6737319629670934,0.5981092988853056,0.6026180982589722,2.0,0.2547,0.0982,0.218,0.3578,0.0211,0.0502
Fan,74,1192,0.9085570469798657,0.9085570469798657,0.6631818080067052,0.5862143123468626,0.5908826589584351,2.0,0.1775,0.0296,0.2898,0.1356,0.1168,0.2507
Fan,62,1192,0.8573825503355704,0.8573825503355704,0.5822953115202094,0.4972054558044491,0.5041589140892029,3.0,0.1147,0.0321,0.0559,0.3409,0.0965,0.3599
Veteran,31,231,0.8961038961038961,0.8961038961038961,0.6339896848409573,0.550870017428459,0.5555724501609802,2.0,0.4104,0.2455,0.0897,0.0975,0.1556,0.0012
Veteran,12,231,0.8917748917748918,0.8917748917748918,0.624440852531749,0.5410437085761761,0.5460478663444519,2.0,0.3525,0.3302,0.0909,0.0609,0.1534,0.012
Veteran,32,231,0.8874458874458875,0.8874458874458875,0.645298614838879,0.568814614918511,0.5737422108650208,2.0,0.4866,0.0685,0.1696,0.0223,0.2087,0.0442
Veteran,110,231,0.8874458874458875,0.8874458874458875,0.6412212456422381,0.5633741559066234,0.5683959722518921,2.0,0.6019,0.0005,0.0646,0.0804,0.2485,0.0041
Veteran,84,231,0.8874458874458875,0.8874458874458875,0.6409527972594288,0.5636330840876295,0.5687730312347412,2.0,0.4629,0.0428,0.0664,0.0653,0.3296,0.033
Veteran,29,231,0.8874458874458875,0.8874458874458875,0.6393077519113327,0.5600585321364542,0.5655472874641418,2.0,0.4671,0.2387,0.0662,0.0043,0.2222,0.0016
Veteran,73,231,0.8874458874458875,0.8874458874458875,0.6355268297696866,0.5554871535391017,0.5602741837501526,2.0,0.494,0.2002,0.1098,0.0397,0.0616,0.0946
Veteran,99,231,0.8874458874458875,0.8874458874458875,0.6311040790460312,0.5499228525202552,0.554702639579773,2.0,0.2843,0.207,0.202,0.1513,0.1235,0.0319
Veteran,9,231,0.8874458874458875,0.8874458874458875,0.6200621732856512,0.5359616573902288,0.5408695936203003,2.0,0.188,0.2563,0.1971,0.1822,0.1531,0.0232
Veteran,30,231,0.8831168831168831,0.8831168831168831,0.65152150584569,0.578006721513215,0.5831185579299927,2.0,0.7105,0.0684,0.0167,0.0185,0.0763,0.1096
Veteran,26,231,0.8831168831168831,0.8831168831168831,0.646445931708666,0.5709502258203557,0.576431393623352,2.0,0.449,0.1233,0.1671,0.042,0.1829,0.0357
Veteran,41,231,0.8831168831168831,0.8831168831168831,0.6455307865545629,0.5700102446855694,0.5754475593566895,2.0,0.7577,0.0537,0.0852,0.0075,0.0917,0.0042
Veteran,21,231,0.8831168831168831,0.8831168831168831,0.64484804471704,0.5691358545254649,0.5744242072105408,2.0,0.608,0.0303,0.0851,0.0919,0.1746,0.0101
Veteran,82,231,0.8831168831168831,0.8831168831168831,0.6437058049137776,0.5677459505381582,0.573045015335083,2.0,0.4629,0.0654,0.0734,0.1045,0.2458,0.048
Veteran,60,231,0.8831168831168831,0.8831168831168831,0.6408182161600002,0.56320190151359,0.5686015486717224,2.0,0.4332,0.2136,0.0651,0.0342,0.1551,0.0989
Veteran,22,231,0.8831168831168831,0.8831168831168831,0.6387922041344247,0.5621836797161472,0.5671570301055908,2.0,0.427,0.0586,0.2451,0.0556,0.2081,0.0057
Veteran,56,231,0.8831168831168831,0.8831168831168831,0.6370740557760967,0.5582326043365003,0.5635133981704712,2.0,0.3933,0.1692,0.0542,0.1356,0.191,0.0567
Veteran,4,231,0.8831168831168831,0.8831168831168831,0.636357667173072,0.5576016816276557,0.5627159476280212,2.0,0.4,0.15,0.1,0.15,0.15,0.05
Veteran,18,231,0.8831168831168831,0.8831168831168831,0.6361813202236032,0.5573906973257623,0.5625,2.0,0.4775,0.1984,0.1801,0.0211,0.048,0.075
Veteran,112,231,0.8831168831168831,0.8831168831168831,0.5946569141311949,0.5042730958315375,0.5097920298576355,2.0,0.2447,0.095,0.1547,0.0964,0.3917,0.0175
Veteran,36,231,0.8787878787878788,0.8787878787878788,0.6493312783842171,0.575802552425929,0.5813981890678406,2.0,0.4576,0.1413,0.1625,0.0449,0.1255,0.0682
Veteran,27,231,0.8787878787878788,0.8787878787878788,0.6484665667371292,0.5752340973120194,0.5807929635047913,2.0,0.7641,0.0666,0.0197,0.0246,0.0414,0.0835
Veteran,81,231,0.8787878787878788,0.8787878787878788,0.6466786831611498,0.5727399224152471,0.5783329606056213,2.0,0.606,0.0921,0.1289,0.0474,0.0843,0.0414
Veteran,48,231,0.8787878787878788,0.8787878787878788,0.6466118427428401,0.5722194111804502,0.5777941346168518,2.0,0.3749,0.1588,0.2234,0.058,0.1369,0.0481
Veteran,63,231,0.8787878787878788,0.8787878787878788,0.6439170072402945,0.5694689629754565,0.5747844576835632,2.0,0.5745,0.0388,0.1612,0.0831,0.1159,0.0265
Veteran,121,231,0.8787878787878788,0.8787878787878788,0.6434441549299008,0.5681084187577694,0.573585569858551,2.0,0.4681,0.1671,0.2552,0.0076,0.0683,0.0338
Veteran,115,231,0.8787878787878788,0.8787878787878788,0.6425179542631247,0.5671838983527295,0.5729779005050659,2.0,0.5753,0.1523,0.1242,0.0494,0.0904,0.0084
Veteran,70,231,0.8787878787878788,0.8787878787878788,0.6424673403031655,0.5671256473204525,0.5728501081466675,2.0,0.622,0.1225,0.1107,0.0474,0.0799,0.0175
Veteran,3,231,0.8787878787878788,0.8787878787878788,0.641922566023389,0.5665331421824928,0.5721591711044312,2.0,0.65,0.1,0.1,0.05,0.07,0.03
Veteran,107,231,0.8787878787878788,0.8787878787878788,0.6418908158134331,0.5662771812122461,0.5716826319694519,2.0,0.5851,0.1277,0.0672,0.0663,0.0745,0.0793
Veteran,64,231,0.8787878787878788,0.8787878787878788,0.6378674540885234,0.5612399505256648,0.5667285919189453,2.0,0.54,0.0962,0.1375,0.1506,0.0674,0.0083
Veteran,85,231,0.8787878787878788,0.8787878787878788,0.6369408771546697,0.5601908072687294,0.5653401613235474,2.0,0.4001,0.1148,0.1735,0.1726,0.1049,0.0341
Veteran,124,231,0.8787878787878788,0.8787878787878788,0.635017029211339,0.5568733094707121,0.562376856803894,2.0,0.4149,0.1724,0.1066,0.1409,0.1198,0.0455
Veteran,16,231,0.8787878787878788,0.8787878787878788,0.633124263231623,0.5550562833030366,0.560256838798523,2.0,0.6279,0.064,0.011,0.2343,0.0445,0.0183
Veteran,108,231,0.8787878787878788,0.8787878787878788,0.6306548393683007,0.5520276981315942,0.5569323301315308,2.0,0.5744,0.0457,0.0511,0.2508,0.0718,0.0061
Veteran,7,231,0.8787878787878788,0.8787878787878788,0.6292196992553348,0.549847891406333,0.5554459095001221,2.0,0.6359,0.1931,0.0251,0.1231,0.0196,0.0031
Veteran,5,231,0.8787878787878788,0.8787878787878788,0.6273713873334817,0.5477877101253724,0.5532492399215698,2.0,0.35,0.1,0.1,0.15,0.25,0.05
Veteran,88,231,0.8787878787878788,0.8787878787878788,0.623755883617861,0.5427479807349938,0.5483948588371277,2.0,0.4568,0.2397,0.1427,0.1161,0.0108,0.0339
Veteran,105,231,0.8787878787878788,0.8787878787878788,0.6222728485559366,0.5414866038242662,0.5464717149734497,2.0,0.2201,0.1939,0.3279,0.191,0.0576,0.0094
Veteran,98,231,0.8787878787878788,0.8787878787878788,0.6210558898680503,0.5391176764553388,0.5446549654006958,2.0,0.4499,0.2226,0.0494,0.1613,0.0533,0.0636
Veteran,101,231,0.8787878787878788,0.8787878787878788,0.6201950485983516,0.53832215163384,0.5436566472053528,2.0,0.3746,0.2796,0.1837,0.0192,0.0201,0.1227
Veteran,90,231,0.8787878787878788,0.8787878787878788,0.6176103945079305,0.5354225620459386,0.5407696962356567,2.0,0.4259,0.2767,0.0192,0.1304,0.0582,0.0895
Veteran,40,231,0.8787878787878788,0.8787878787878788,0.57875153201564,0.4856501002604899,0.4909283518791199,3.0,0.2397,0.383,0.1458,0.1093,0.1,0.0221
Veteran,23,231,0.8744588744588745,0.8744588744588745,0.6492186056448391,0.5776306665917056,0.5831689238548279,2.0,0.5198,0.042,0.1141,0.0429,0.1756,0.1056
Veteran,67,231,0.8744588744588745,0.8744588744588745,0.6444214197231697,0.5712931729165495,0.576805055141449,2.0,0.5074,0.0898,0.2063,0.089,0.0647,0.0428
Veteran,2,231,0.8744588744588745,0.8744588744588745,0.6434973770245245,0.5693156050298908,0.5751469731330872,2.0,0.45,0.15,0.12,0.12,0.11,0.05
Veteran,75,231,0.8744588744588745,0.8744588744588745,0.6431489333134282,0.5687507418026898,0.5741270780563354,2.0,0.4093,0.104,0.0208,0.1392,0.1959,0.1308
Veteran,103,231,0.8744588744588745,0.8744588744588745,0.6427306252838434,0.5688725536128133,0.5747349262237549,2.0,0.7037,0.1055,0.1243,0.041,0.0065,0.019
Veteran,123,231,0.8744588744588745,0.8744588744588745,0.6421281506103858,0.5685208610533287,0.5738734006881714,2.0,0.6176,0.0167,0.1883,0.0761,0.0722,0.0292
Veteran,77,231,0.8744588744588745,0.8744588744588745,0.6417348958645899,0.5674264287900652,0.5736910700798035,2.0,0.711,0.1583,0.0062,0.0267,0.0972,0.0005
Veteran,47,231,0.8744588744588745,0.8744588744588745,0.6410826637230652,0.5662423555280698,0.5722724199295044,2.0,0.6368,0.1045,0.0012,0.1205,0.1181,0.0188
Veteran,92,231,0.8744588744588745,0.8744588744588745,0.6410608160821132,0.566978379965393,0.5721259117126465,2.0,0.5543,0.0532,0.2641,0.0443,0.0195,0.0645
Veteran,53,231,0.8744588744588745,0.8744588744588745,0.6403605623691437,0.565053909534429,0.5714757442474365,2.0,0.4864,0.119,0.044,0.0073,0.285,0.0584
Veteran,50,231,0.8744588744588745,0.8744588744588745,0.640082543994552,0.5651174703122754,0.5711346864700317,2.0,0.4833,0.1518,0.2258,0.0569,0.0794,0.0029
Veteran,55,231,0.8744588744588745,0.8744588744588745,0.6399751033561968,0.5653715572546741,0.5712417960166931,2.0,0.7091,0.0914,0.0413,0.089,0.028,0.0411
Veteran,24,231,0.8744588744588745,0.8744588744588745,0.6386246055672418,0.5632429739572596,0.569123387336731,2.0,0.5805,0.1428,0.0479,0.0911,0.0816,0.0561
Veteran,13,231,0.8744588744588745,0.8744588744588745,0.6385423029431763,0.5630251182199234,0.5690001249313354,2.0,0.549,0.0975,0.1428,0.1044,0.0948,0.0116
Veteran,11,231,0.8744588744588745,0.8744588744588745,0.6371840082889509,0.5614118925807238,0.5671291351318359,2.0,0.5758,0.0921,0.032,0.1563,0.0878,0.0561
Veteran,94,231,0.8744588744588745,0.8744588744588745,0.6367513109360217,0.5613208460611058,0.5665318965911865,2.0,0.4962,0.0946,0.2798,0.1015,0.0097,0.0182
Veteran,79,231,0.8744588744588745,0.8744588744588745,0.636665566429683,0.5610272483649107,0.5664063692092896,2.0,0.4408,0.1065,0.2497,0.1233,0.0534,0.0263
Veteran,8,231,0.8744588744588745,0.8744588744588745,0.633779426932789,0.5572189114396907,0.5626361966133118,2.0,0.7187,0.0227,0.1034,0.1417,0.0079,0.0056
Veteran,104,231,0.8744588744588745,0.8744588744588745,0.6337095373363643,0.5573974125922178,0.5627701878547668,2.0,0.3919,0.1178,0.2171,0.1727,0.0652,0.0352
Veteran,95,231,0.8744588744588745,0.8744588744588745,0.6330361236053277,0.5564661769207223,0.561859667301178,2.0,0.5338,0.1864,0.0501,0.042,0.0271,0.1607
Veteran,71,231,0.8744588744588745,0.8744588744588745,0.6317254536422406,0.5542520130182468,0.5598866939544678,2.0,0.6443,0.066,0.1292,0.1296,0.0225,0.0084
Veteran,106,231,0.8744588744588745,0.8744588744588745,0.6300771209061752,0.5518159329847642,0.5579509139060974,2.0,0.6015,0.1587,0.0178,0.1275,0.0843,0.0102
Veteran,116,231,0.8744588744588745,0.8744588744588745,0.6294057442064688,0.5513488315436368,0.5571669340133667,2.0,0.6263,0.1603,0.0215,0.1336,0.0376,0.0206
Veteran,66,231,0.8744588744588745,0.8744588744588745,0.6290839834442132,0.5511494037468063,0.556733250617981,2.0,0.1504,0.2358,0.4016,0.0685,0.0893,0.0544
Veteran,10,231,0.8744588744588745,0.8744588744588745,0.6253182197359248,0.5458637082013705,0.5519938468933105,2.0,0.5606,0.2748,0.0854,0.008,0.0458,0.0254
Veteran,91,231,0.8744588744588745,0.8744588744588745,0.6028912408981574,0.5170142988324807,0.5230852365493774,2.0,0.2136,0.1433,0.158,0.1153,0.3203,0.0495
Veteran,102,231,0.8744588744588745,0.8744588744588745,0.6003272759249921,0.5145472973395051,0.5201207995414734,2.0,0.3305,0.3915,0.083,0.0212,0.1659,0.008
Veteran,58,231,0.8744588744588745,0.8744588744588745,0.5971976631264788,0.5094986663168481,0.5152292251586914,2.0,0.4494,0.3499,0.0982,0.0236,0.0573,0.0216
Veteran,34,231,0.8701298701298701,0.8701298701298701,0.6481461283613901,0.5776392558860092,0.5833953022956848,2.0,0.5936,0.0397,0.1304,0.0593,0.0809,0.096
Veteran,46,231,0.8701298701298701,0.8701298701298701,0.642921670745994,0.5702677673456894,0.5761009454727173,2.0,0.5769,0.0418,0.0554,0.0831,0.1296,0.1131
Veteran,52,231,0.8701298701298701,0.8701298701298701,0.642732834564839,0.5695498585108975,0.5757214426994324,2.0,0.6058,0.1079,0.0271,0.05,0.1131,0.0962
Veteran,20,231,0.8701298701298701,0.8701298701298701,0.6426411143929753,0.5702933790596127,0.5760693550109863,2.0,0.7727,0.0095,0.0459,0.0734,0.0209,0.0777
Veteran,126,231,0.8701298701298701,0.8701298701298701,0.6418201922800675,0.568977811510279,0.5750194787979126,2.0,0.6465,0.0384,0.1017,0.0657,0.0939,0.0538
Veteran,100,231,0.8701298701298701,0.8701298701298701,0.6389535896459838,0.5657494862040315,0.5713635683059692,2.0,0.286,0.1686,0.3995,0.0929,0.0316,0.0214
Veteran,43,231,0.8701298701298701,0.8701298701298701,0.6372897479787953,0.5629737386230893,0.5688896179199219,2.0,0.6735,0.02,0.0088,0.1433,0.0942,0.0602
Veteran,1,231,0.8701298701298701,0.8701298701298701,0.6370426877967322,0.5633449523059912,0.5685344338417053,2.0,0.5,0.0,0.15,0.15,0.12,0.08
Veteran,14,231,0.8701298701298701,0.8701298701298701,0.6293145762771345,0.5532194236739691,0.5587682127952576,2.0,0.3824,0.0748,0.1618,0.2561,0.1189,0.0061
Veteran,61,231,0.8701298701298701,0.8701298701298701,0.622903271816629,0.5444427265855837,0.550378143787384,2.0,0.5128,0.242,0.0246,0.1088,0.0088,0.103
Veteran,54,231,0.8701298701298701,0.8701298701298701,0.6136836405884706,0.5329010575763823,0.5380948781967163,2.0,0.3735,0.131,0.036,0.3591,0.0637,0.0368
Veteran,120,231,0.8701298701298701,0.8701298701298701,0.6049414277399873,0.5219133199652681,0.5274665355682373,2.0,0.1472,0.219,0.2305,0.2509,0.1317,0.0207
Veteran,44,231,0.8658008658008658,0.8658008658008658,0.6438823915910439,0.5727845867456257,0.5786578059196472,2.0,0.6323,0.0418,0.0591,0.0324,0.0697,0.1647
Veteran,59,231,0.8658008658008658,0.8658008658008658,0.6397176495422277,0.5673161734850046,0.573310911655426,2.0,0.5653,0.089,0.0607,0.1463,0.0491,0.0897
Veteran,6,231,0.8658008658008658,0.8658008658008658,0.6380456085693593,0.5651964918198685,0.5706477761268616,2.0,0.4,0.1,0.1,0.1,0.1,0.2
Veteran,83,231,0.8658008658008658,0.8658008658008658,0.6344167873371502,0.5609810223446585,0.5669415593147278,2.0,0.4119,0.0579,0.1346,0.2035,0.1515,0.0405
Veteran,39,231,0.8658008658008658,0.8658008658008658,0.6335366692696947,0.5593112635320427,0.5652158260345459,2.0,0.5791,0.0493,0.0534,0.2147,0.0418,0.0617
Veteran,78,231,0.8658008658008658,0.8658008658008658,0.630821486233087,0.5557204700061843,0.5616636276245117,2.0,0.5826,0.0715,0.0971,0.1982,0.0035,0.047
Veteran,65,231,0.8658008658008658,0.8658008658008658,0.6301929758774002,0.5552069863758176,0.5616104602813721,2.0,0.4679,0.0035,0.0225,0.0114,0.3785,0.1162
Veteran,93,231,0.8658008658008658,0.8658008658008658,0.6293405768298875,0.5540560209391377,0.5598012804985046,2.0,0.3676,0.102,0.0251,0.2658,0.1742,0.0653
Veteran,49,231,0.8658008658008658,0.8658008658008658,0.6279898502961766,0.5523829825777878,0.5582571029663086,2.0,0.4578,0.1928,0.0116,0.0872,0.0632,0.1875
Veteran,35,231,0.8658008658008658,0.8658008658008658,0.6192219372338716,0.5414556823647733,0.5466564893722534,2.0,0.3922,0.0902,0.1785,0.3124,0.0079,0.0188
Veteran,33,231,0.8658008658008658,0.8658008658008658,0.606631623719093,0.5253232698037893,0.5308858752250671,2.0,0.2879,0.1666,0.1061,0.3431,0.0666,0.0297
Veteran,119,231,0.8658008658008658,0.8658008658008658,0.6030724766078812,0.5200050911089872,0.5258817672729492,2.0,0.5329,0.3405,0.014,0.0035,0.053,0.0562
Veteran,19,231,0.8658008658008658,0.8658008658008658,0.5799238287161278,0.49118129345402073,0.49722251296043396,3.0,0.2783,0.4117,0.1101,0.0584,0.1299,0.0117
Veteran,17,231,0.8658008658008658,0.8658008658008658,0.5793744216034036,0.49019883435467854,0.4962027370929718,3.0,0.3237,0.4012,0.1301,0.0561,0.0687,0.0203
Veteran,37,231,0.8614718614718615,0.8614718614718615,0.6460970291242873,0.576757681952487,0.5834222435951233,2.0,0.4773,0.057,0.068,0.0325,0.2348,0.1306
Veteran,117,231,0.8614718614718615,0.8614718614718615,0.6434597136167469,0.5734714179519373,0.5797008275985718,2.0,0.4843,0.0579,0.1479,0.0109,0.1329,0.166
Veteran,42,231,0.8614718614718615,0.8614718614718615,0.6431030065722952,0.5735707414278842,0.5795256495475769,2.0,0.4035,0.0418,0.1132,0.0038,0.2367,0.201
Veteran,125,231,0.8614718614718615,0.8614718614718615,0.6392644348445742,0.5683279923539665,0.5739245414733887,2.0,0.3326,0.1035,0.1056,0.0921,0.1309,0.2353
Veteran,86,231,0.8614718614718615,0.8614718614718615,0.6348355360841562,0.56260939637563,0.5685341358184814,2.0,0.3633,0.0656,0.1346,0.2092,0.1485,0.0787
Veteran,57,231,0.8614718614718615,0.8614718614718615,0.629995718641367,0.5561191694308578,0.5623618960380554,2.0,0.3744,0.1372,0.2862,0.1693,0.0111,0.0219
Veteran,118,231,0.8614718614718615,0.8614718614718615,0.6291753707239466,0.5555452484023913,0.561510443687439,2.0,0.3685,0.041,0.0626,0.2452,0.2234,0.0593
Veteran,96,231,0.8614718614718615,0.8614718614718615,0.625005487748888,0.5499879749879749,0.5555799007415771,2.0,0.4925,0.1168,0.0325,0.1158,0.0127,0.2297
Veteran,25,231,0.8571428571428571,0.8571428571428571,0.6340218513099005,0.5632845149078916,0.5688234567642212,2.0,0.4038,0.0485,0.0603,0.208,0.0811,0.1982
Veteran,68,231,0.8571428571428571,0.8571428571428571,0.6319926778364854,0.5598986150934202,0.5662523508071899,2.0,0.3691,0.2056,0.079,0.0243,0.102,0.22
Veteran,80,231,0.8571428571428571,0.8571428571428571,0.6305592446179411,0.5583145930548528,0.5639973878860474,2.0,0.4107,0.0589,0.0356,0.2111,0.0933,0.1904
Veteran,76,231,0.8528138528138528,0.8528138528138528,0.617869289477878,0.5441769269691348,0.5500602722167969,2.0,0.3006,0.0459,0.4086,0.1656,0.0373,0.0422
Veteran,97,231,0.8528138528138528,0.8528138528138528,0.6171255172848847,0.5424623476571528,0.548548698425293,2.0,0.3439,0.1592,0.1855,0.0378,0.0183,0.2553
Veteran,122,231,0.8484848484848485,0.8484848484848485,0.6329561286959616,0.5640042977705314,0.5703593492507935,2.0,0.4526,0.0191,0.1936,0.1462,0.0271,0.1614
Veteran,72,231,0.8484848484848485,0.8484848484848485,0.6310542033384915,0.561597421337681,0.5680751800537109,2.0,0.527,0.0452,0.0272,0.1409,0.0301,0.2298
Veteran,87,231,0.8484848484848485,0.8484848484848485,0.6294472331113271,0.5594002798548253,0.5657849311828613,2.0,0.3689,0.0436,0.1667,0.2122,0.0955,0.1131
Veteran,109,231,0.8484848484848485,0.8484848484848485,0.6169190388593636,0.5432336662856143,0.5495783686637878,2.0,0.3734,0.0443,0.0692,0.3306,0.1154,0.067
Veteran,38,231,0.8484848484848485,0.8484848484848485,0.6159273962238633,0.5422079483767797,0.5485891699790955,2.0,0.3693,0.0528,0.2103,0.2902,0.0696,0.0078
Veteran,111,231,0.8484848484848485,0.8484848484848485,0.6136931491952491,0.5389080976743315,0.5450502038002014,2.0,0.2913,0.0291,0.0259,0.1505,0.2543,0.2489
Veteran,89,231,0.8484848484848485,0.8484848484848485,0.6105758678518394,0.5349262570041791,0.5409883856773376,2.0,0.2933,0.0477,0.0149,0.2785,0.206,0.1596
Veteran,15,231,0.8441558441558441,0.8441558441558441,0.6341204989599071,0.5669451159710899,0.573296308517456,2.0,0.3913,0.0261,0.0158,0.0584,0.1835,0.3249
Veteran,45,231,0.8441558441558441,0.8441558441558441,0.6322388499047326,0.5647840495243092,0.5710894465446472,2.0,0.3483,0.0176,0.0949,0.1848,0.1153,0.2391
Veteran,51,231,0.8441558441558441,0.8441558441558441,0.6236570552171403,0.554315417627106,0.5605644583702087,2.0,0.2325,0.0473,0.3064,0.1622,0.1104,0.1412
Veteran,69,231,0.8441558441558441,0.8441558441558441,0.6150761820606885,0.5424810879356334,0.5491909980773926,2.0,0.2823,0.0069,0.2696,0.1033,0.2096,0.1284
Veteran,28,231,0.8398268398268398,0.8398268398268398,0.5965424249813674,0.5204359613450523,0.5270284414291382,2.0,0.2547,0.0982,0.218,0.3578,0.0211,0.0502
Veteran,113,231,0.8354978354978355,0.8354978354978355,0.6019030072015865,0.5283638799872566,0.53480064868927,2.0,0.213,0.0682,0.3142,0.2159,0.023,0.1657
Veteran,74,231,0.8268398268398268,0.8268398268398268,0.5839289128181921,0.5072154757219693,0.514193058013916,2.0,0.1775,0.0296,0.2898,0.1356,0.1168,0.2507
Veteran,114,231,0.8051948051948052,0.8051948051948052,0.5062147784419144,0.414277281160398,0.42297813296318054,4.0,0.2532,0.4642,0.1327,0.02,0.0453,0.0846
Veteran,62,231,0.7878787878787878,0.7878787878787878,0.5079637745900013,0.4208227919266881,0.42932838201522827,3.0,0.1147,0.0321,0.0559,0.3409,0.0965,0.3599
